"Tweet ID","Tweet Text","Type","Author Name","Author Username","Creation Time","Reply Count","Retweet Count","Quote Count","Like Count","View Count","Bookmark Count","Language","Possibly Sensitive","Source","Hashtags","Tweet URL","Media Type","Media URLs","External URLs"
"=""1925275743270965362""","رويترز: ابومحمدالجولانى وافق على إعادة مقتنيات الجاسوس إيلي كوهين إلى إسرائيل. https://t.co/x2ZAs86PrG","Tweet","Esam Saif ELdeen","EsamE25015","5/21/2025, 10:41:21 PM","0","0","0","0","2","0","ar","No","Twitter for Android","","https://x.com/EsamE25015/status/1925275743270965362","photo","https://pbs.twimg.com/media/Grf0FF_WQAAm9PA.jpg",""
"=""1925275511477158334""","@Hakeam_ps إذا كان يريد الأسري فقط و يريد أستمرار الحرب: إذا حان وقت أعدام الأسري.

لا تعطوه أي أنجاز أو نصر...بكفيه هدية أرشيف إيلى كوهين.","Reply","Motaz Shilu","MotazShilu","5/21/2025, 10:40:26 PM","0","0","0","0","11","0","ar","No","Twitter Web App","","https://x.com/MotazShilu/status/1925275511477158334","","",""
"=""1925274793210785806""","@hosamalkrbash @sameh_asker تضحك علينا ويلي قدم ارشيف ايلي كوهين ماذا نسميه","Reply","محمد وليد عثمان","MhmdWlyd67110","5/21/2025, 10:37:35 PM","0","0","0","1","9","0","ar","No","Twitter Web App","","https://x.com/MhmdWlyd67110/status/1925274793210785806","","",""
"=""1925274576419790914""","كانت إسرائيل تسعى لتوصل عمليها #ايلي_كوهين إلى رئاسة #سوريا ..
وبعد خمسين عاما تحقق حلمها بوصول عميل أخر له ألف وجه واسم ،وله هدف واحد ،إيجاد #سوريا جديدة في الجيب الصهيوني ..
#سوريا_الان #الم_ذلك_الكتاب https://t.co/qA9S2JszMh","Tweet","الطوفان","2014_yad","5/21/2025, 10:36:43 PM","0","0","0","1","19","0","ar","No","Twitter Web App","#ايلي_كوهين, #سوريا, #سوريا, #سوريا_الان, #الم_ذلك_الكتاب","https://x.com/2014_yad/status/1925274576419790914","photo","https://pbs.twimg.com/media/GrfyKdnWwAAs_O6.jpg",""
"=""1925274288254247423""","ايلى كوهين 
ابومحمد الجولانى https://t.co/zhlRUUH0Qu","Tweet","Esam Saif ELdeen","EsamE25015","5/21/2025, 10:35:34 PM","0","0","0","0","2","0","ar","No","Twitter for Android","","https://x.com/EsamE25015/status/1925274288254247423","photo","https://pbs.twimg.com/media/GrfywwXXYAA5jnz.jpg",""
"=""1925266425536483650""","الوالد ايلي كوهين الابن احمد الشرع ابو محمد الجولاني سابقا !!.
هل ترى كيفية الشبة كبيرا بين الابن وابنه ؟؟!!. https://t.co/hhCDHQ4n5j","Tweet","حميد الشاكر","HameedAlshaker","5/21/2025, 10:04:20 PM","0","1","0","4","75","0","ar","No","Twitter Web App","","https://x.com/HameedAlshaker/status/1925266425536483650","photo","https://pbs.twimg.com/media/GrfrcAFWoAAJ46p.jpg, https://pbs.twimg.com/media/GrfrdbPWMAAosmj.jpg",""
"=""1925263134068994464""","الصهاينة يستعيدون وثائق جاسوسهم إيلي كوهين الذي أعدمته دمشق في العام 1965 ليأتي الجولاني ليبيع وثائق الجاسوس الصهيوني بثمن بخس إرضاءً لتل أبيب.. 
هنا يكمن الفرق بين الثائر وبين العميل الرخيص  !!","Tweet","عبدالعزيز الشيخ","bdalzyzalshyk16","5/21/2025, 9:51:15 PM","0","0","0","5","43","0","ar","No","Twitter for Android","","https://x.com/bdalzyzalshyk16/status/1925263134068994464","","",""
"=""1925266598643867661""","تسليم #سوريا ملف #ايلي_كوهين ل #إسرائيل 
دليل على ..........
وليستمر المطبلون 🥁 والمغفلون 🫡","Tweet","حمزة الشيخي","hmzt_alshykhy","5/21/2025, 10:05:01 PM","0","0","0","1","59","0","ar","No","Twitter for Android","#سوريا, #ايلي_كوهين, #إسرائيل","https://x.com/hmzt_alshykhy/status/1925266598643867661","","",""
"=""1925272885503099186""","في الذكرى ال60 لإعـ.ـدام الجاسوس الإسرائيلي إيلي كوهين في العاصمة السورية دمشق... إسرائيل تكشف عن استعادتها أرشيفا رسميا سوريا يتعلق به، عبر عملية سرية نفذها ""الموساد"" بالتعاون مع جهاز استخبارات أجنبي وصفه بـ الحليف. https://t.co/iGabxReJlY","Tweet","مجلة ميم.. مِرآتنا","Meemmag","5/21/2025, 10:30:00 PM","0","0","0","5","561","2","ar","No","Twitter Media Studio","","https://x.com/Meemmag/status/1925272885503099186","video","https://video.twimg.com/amplify_video/1925225734768930820/vid/avc1/720x1024/ANmLIvITwjsM8cxT.mp4?tag=16",""
"=""1925265971515630072""","حلقة نااااريه لا تفتك … 

لماذا تنازل الجولانى عن ملف الجـ ـاسوس ايلى كوهين ؟ https://t.co/PEgK9ZsFAe via @YouTube","Tweet","2 التفرقه سلاح الاخوان Eng Moustafa FMHamza","moustafacairo1","5/21/2025, 10:02:31 PM","0","0","0","0","16","0","ar","No","Twitter for iPhone","","https://x.com/moustafacairo1/status/1925265971515630072","","","https://youtu.be/jS6bFFDElq4?si=WAeLki0k-l6V_wca"
"=""1925264516868411477""","@TmanMhmwd6220 ربنا يخلصنا من أشباهكم…. يا جماعة موضوع إيلي كوهين  بيفكرني ببتاع الملابس الداخلية اللي بقى منتشر اوي بالحفلات و خلافه","Reply","mansour mansour","mansour28158801","5/21/2025, 9:56:45 PM","0","0","0","0","50","0","ar","No","Twitter for iPhone","","https://x.com/mansour28158801/status/1925264516868411477","","",""
"=""1925264327235231843""","@Alandallusl والجولاني تبعك أعاد الى اسراذيل رفات جندي صهيوني ،كنا أعاد مقتنيات وملف الجاسوس ايلي كوهين ، والجولاني تبعك يريد التطبيع مع إسرائيل، وهو يتغاضى عن احتلال إسرائيل لجنوب سورية دون إطلاق رصاصة... اخجلوا من عاركم #الجولاني_صهيوني","Reply","Majd","Majd_elarabi","5/21/2025, 9:55:59 PM","0","0","0","0","5","0","ar","No","Twitter for Android","#الجولاني_صهيوني","https://x.com/Majd_elarabi/status/1925264327235231843","","",""
"=""1925267437844308370""","@Al_Basheer1 سوريا دولة ذات سيادة تسلم وثائق الجاسوس إيلي كوهين تطبع مع اسرائيل مو شغلك حسونه 🏳️‍🌈","Reply","Ahmad Al-Ajlan","AjlanAsg","5/21/2025, 10:08:21 PM","0","0","0","0","7","0","ar","No","Twitter for iPhone","","https://x.com/AjlanAsg/status/1925267437844308370","","",""
"=""1925262713342533761""","الله يرحمك يا #ايلي_كوهين ويلعن روحك يا #حافظ مع العائلة اللعينة ليل نهار.","Tweet","Abdy Halby","abdy_syr","5/21/2025, 9:49:35 PM","0","0","0","0","12","0","ar","No","Twitter for iPhone","#ايلي_كوهين, #حافظ","https://x.com/abdy_syr/status/1925262713342533761","","",""
"=""1924766701536649499""","الشبه كبير بين إلياهو كوهين والجولاني... معقول يكون كوهين جد الجولاني؟ https://t.co/fjHLRHkolu","Quoted tweet","H.Hbib Assaf🇱🇧","HHabib_Assaf","5/20/2025, 12:58:36 PM","1361","324","82","2789","759322","346","ar","No","Twitter for Android","","https://x.com/HHabib_Assaf/status/1924766701536649499","photo","https://pbs.twimg.com/media/GrYlGh_XQAAOmw1.jpg, https://pbs.twimg.com/media/GrYlGjmWMAEGL3u.jpg",""
"=""1925262146507563183""","@3M_SI إعادة مقتنيات الجاسوس الإسرائيلي ايلي كوهين لإسرائيل","Reply","خالد محمود العكيدي","khalid1922278","5/21/2025, 9:47:20 PM","0","0","0","0","3","0","ar","No","Twitter for Android","","https://x.com/khalid1922278/status/1925262146507563183","","",""
"=""1925260878175166965""","وعام 2017 سلم نظام بشار الأسد أرشيف فضيحة قضية ""لافون"" التي كان إيلي كوهين متهماً فيها إلى إسرائيل بوساطة روسية، ونشر هذا الموقع الروسي الرسمي مقتطفات من الوثائق تحت زعم أنه عثر عليها في كتاب نادر. https://t.co/xj6ZM1oCJF","Reply","عبدالحميد قطب","AbdAlhamed_kotb","5/21/2025, 9:42:17 PM","1","4","0","10","484","0","ar","No","Twitter Web App","","https://x.com/AbdAlhamed_kotb/status/1925260878175166965","photo","https://pbs.twimg.com/media/GrflvPdWUAAQvZ9.png",""
"=""1925254965204758882""","حكاية #إيلي_كوهين الجاسوس الذي غيّر مجرى العالم العربي

#الترند_العربي
https://t.co/XvhCbCtVwc","Tweet","الترند العربي","arabiaatrend1","5/21/2025, 9:18:47 PM","0","0","0","0","6","0","ar","No","Twitter for Android","#إيلي_كوهين, #الترند_العربي","https://x.com/arabiaatrend1/status/1925254965204758882","","","https://arabiatrend.com/archives/24529"
"=""1925252493769912658""","عام ١٩٦٣ انهارت الدولة السورية بعد سقوط مشروع الوحدة مع مصر وغاب الجهاز الامني للبلد،فتسلل الجاسوس ""ايلي كوهين"" للحياة السياسية. في ديسمبر ٢٠٢٤ سقطت الاجهزة الامنية السورية،فالافضل التيقظ من ايلي كوهين جديد. وهذه مهمة الاعلاميين السوريين. انتم عين البلد على اعدائها.","Tweet","Ibrahim Altaha","alzayed_ibrahim","5/21/2025, 9:08:58 PM","0","0","0","1","59","0","ar","No","Twitter for iPhone","","https://x.com/alzayed_ibrahim/status/1925252493769912658","","",""
"=""1925258957846638856""","🛑هل يبيع الرئيس الجديد #أحمد_الشرع تاريخ #سوريا ومقتنيات الجاسوس الإسرائيلي إيلي كوهين لإسرائيل؟ وثائق عمرها 64 عاماً تتحول إلى ورقة تفاوض تهدد السيادة الوطنية.. فهل هي بداية عهد جديد لسوريا الجديدة؟ 👇 https://t.co/pal82ldb3j","Tweet","وطن. يغرد خارج السرب","watanserb_news","5/21/2025, 9:34:39 PM","2","6","0","16","1502","0","ar","No","Twitter Web App","#أحمد_الشرع, #سوريا","https://x.com/watanserb_news/status/1925258957846638856","video","https://video.twimg.com/amplify_video/1925258493881188352/vid/avc1/608x1080/FEK_kk0ZArvw-n_N.mp4?tag=21",""
"=""1925257166761476549""","@al_kaalldy @ahmad_dadoosh حماس تفاوض الامريكان 
لماذا التقى كلب إسرائيل الجولاني مع السفير ؟

الجولاني كلب إسرائيل قدم لإسرائيل الجولان وجبل الشيخ والقنيطرة و ارشيف جده ايلي كوهين 
ما هو المقابل ؟","Reply","יוסף אזולאי","y41070","5/21/2025, 9:27:32 PM","1","0","0","0","7","0","ar","No","Twitter for Android","","https://x.com/y41070/status/1925257166761476549","","",""
"=""1925256507123241236""","الرئيس محمود عباس يجتمع مع نظيره اللبناني
التفاصيل: https://t.co/pvoBYJRt0u

#فلسطين #سلفيت #جنين #طولكرم #عاجل #غزة #الذهب #العربي_الكويت #السودان #الامارات #برشلونه #إسرائيل #رقم_كبير #ايلي_كوهين #الكويت #جيش_الاحتلال #بيراميدز #أحمد_الشرع #قمة_بغداد_2025 #اليمن #ترامب #مانشستر","Tweet","شبكة فلسطين للأنباء","shfanews_net","5/21/2025, 9:24:55 PM","0","0","0","0","123","0","ar","No","Twitter Web App","#فلسطين, #سلفيت, #جنين, #طولكرم, #عاجل, #غزة, #الذهب, #العربي_الكويت, #السودان, #الامارات, #برشلونه, #إسرائيل, #رقم_كبير, #ايلي_كوهين, #الكويت, #جيش_الاحتلال, #بيراميدز, #أحمد_الشرع, #قمة_بغداد_2025, #اليمن, #ترامب, #مانشستر","https://x.com/shfanews_net/status/1925256507123241236","","","https://www.shfanews.net/post/214430"
"=""1925255915701190780""","@baleerion الخلاصة : تسليم  الحكومة السورية لمقتنيات ايلي كوهين لإسرائيل لم يغير شيء في سياسة إسرائيل بإقامة دولة درزية.","Reply","Abo Bashar ابو بشار","abomoamar","5/21/2025, 9:22:34 PM","0","0","0","0","15","0","ar","No","Twitter for Android","","https://x.com/abomoamar/status/1925255915701190780","","",""
"=""1925260873108463985""","@asadabukhalil who are the sources depend on Reuters ? 
بعد التحريات اتضح ان احد العلويين,بمشاركة بو ذقن الهجري الدرزي ,واحد الزينبيين ,ومسلحي ايران سلموا العدو اغراض الجاسوس العميل ايلي كوهين بموافقة بشار قبل فراره!
فهمت يا بو خليل ؟","Reply","marven field","MarvenF","5/21/2025, 9:42:16 PM","0","0","0","0","7","0","ar","No","Twitter Web App","","https://x.com/MarvenF/status/1925260873108463985","","",""
"=""1925259264198619446""","@xicnzi ده واد ابن وسخة يهودي من الكتيبة 8200 ابوه علي ابو ايلي كوهين","Reply","oraby a","orabya1","5/21/2025, 9:35:52 PM","0","0","0","0","6","0","ar","No","Twitter Web App","","https://x.com/orabya1/status/1925259264198619446","","",""
"=""1925251247629615325""","@Aimas4991 @aserali1715796 @AbdelkawySalama اعطيني فائدة واحدة من أغراض ايلي كوهين من مفاتيح بيته واوراقه؟","Reply","الإمام السفياني عج قدس سره","1Ahmqd876789","5/21/2025, 9:04:01 PM","0","0","0","0","7","0","ar","No","Twitter for Android","","https://x.com/1Ahmqd876789/status/1925251247629615325","","",""
"=""1925249887865618523""","عبد الناصر وكوهين والسيسي في حارة اليــ ــهــ ــود

📌هل تعلم عزيزي المصري أن الجاسوس إيلي كوهين هو الوحيد من 11 متهماً الذي حصل على البراءة في قضية ""فضيحة لافون"" رغم ثبوت الأدلة على ضلوعه في تأسيس شبكة تجسس وتخريب يهــ ـودية كانت تستهدف المصالح الأمريكية في #مصر 1954 ..؟؟

📌وهل https://t.co/256NPffVZd","Tweet","عبدالحميد قطب","AbdAlhamed_kotb","5/21/2025, 8:58:37 PM","6","14","1","48","2119","8","ar","No","Twitter Web App","#مصر","https://x.com/AbdAlhamed_kotb/status/1925249887865618523","photo","https://pbs.twimg.com/media/GrfbJnIWAAApVkT.jpg",""
"=""1925243238140489809""","@Abo_Khaled_Kwi الأسطوره الوهميه حرامي الساعات و النائب لحرامي الأهرام و شوشو هبه و عدلي كوهين و باقي العصابه الفاسده من شلة الأنس الجهلاويه إيلي أستخبوا لما بدأت أحداث 25 يناير سنة 2011 ثم عادوا إلى واجهة المشهد من جديد  في ديسمبر سنة 2017 مع أنتخابات أدارة نادي الحمر لقطيع الجهلاويه البيب بيب","Reply","🏳❤🏹🏳❤🏹🏳❤🏹 🎯🏹🤍🏹 A. bayoumy3","ABayoumy378841","5/21/2025, 8:32:11 PM","0","0","0","0","17","0","ar","No","Twitter Web App","","https://x.com/ABayoumy378841/status/1925243238140489809","","",""
"=""1925249556788249017""","@m__almasmari سلمهم جثة جندي صهيوني
سلمهم أرشيف ايلي كوهين الكامل
سلمهم جبل الشيخ والقنيطرة ونصف حوران
سلمهم أجواء سوريا وبرها وبحرها
وأعلن هو وحاشيته مراراً وتكراراً رغم التوغل الاسرائيلي في بلاده أنه لن يقبل ان تشكل سوريا خطراً على اسرائيل.. 
ويعلن انه جاهز للدخول في الاتفاقيات التطبيعية","Reply","Hanan  mohammed","mhmdn233","5/21/2025, 8:57:18 PM","0","0","0","0","4","0","ar","No","Twitter for Android","","https://x.com/mhmdn233/status/1925249556788249017","","",""
"=""1925248514159747343""","@muniralmaweri السعوديه تقف مع الجولاني من قتل وسبي النساء العراقيات الحرائر  وهو إيلي كوهين الجديد زراعة الموساد https://t.co/Eg3tqHtpDq","Reply","ستاموني","medo0777777","5/21/2025, 8:53:09 PM","0","0","0","0","39","0","ar","No","Twitter for iPhone","","https://x.com/medo0777777/status/1925248514159747343","video","https://video.twimg.com/amplify_video/1925248308223619072/vid/avc1/480x856/udaZ91JhNg0O9-Ye.mp4?tag=21",""
"=""1925248431955570788""","سليم البرديني : استهداف الوفد الدبلوماسي الأوروبي في جنين جريمة جديدة تفضح الطبيعة الإرهابية للاحتلال
التفاصيل: https://t.co/mI6lZJ6pLj

#فلسطين #سلفيت #جنين #طولكرم #عاجل #غزة #الذهب #العربي_الكويت #السودان #الامارات #برشلونه #إسرائيل #رقم_كبير #ايلي_كوهين #الكويت #جيش_الاحتلال","Tweet","شبكة فلسطين للأنباء","shfanews_net","5/21/2025, 8:52:50 PM","0","0","0","0","90","0","ar","No","Twitter Web App","#فلسطين, #سلفيت, #جنين, #طولكرم, #عاجل, #غزة, #الذهب, #العربي_الكويت, #السودان, #الامارات, #برشلونه, #إسرائيل, #رقم_كبير, #ايلي_كوهين, #الكويت, #جيش_الاحتلال","https://x.com/shfanews_net/status/1925248431955570788","","","https://www.shfanews.net/post/214422"
"=""1925248347939696787""","رئيس فريق المحامين الدولي : مذكرات إعتقال جديدة في الطريق ضد قادة الإحتلال وإسرائيل أضعف مما تتصورون
التفاصيل: https://t.co/q7EwD3rbwu
@faisalkhazaal
#فلسطين #سلفيت #جنين #طولكرم #عاجل #غزة #الذهب #العربي_الكويت #السودان #الامارات #برشلونه #إسرائيل #رقم_كبير #ايلي_كوهين #الكويت","Tweet","شبكة فلسطين للأنباء","shfanews_net","5/21/2025, 8:52:30 PM","0","2","0","2","67","0","ar","No","Twitter Web App","#فلسطين, #سلفيت, #جنين, #طولكرم, #عاجل, #غزة, #الذهب, #العربي_الكويت, #السودان, #الامارات, #برشلونه, #إسرائيل, #رقم_كبير, #ايلي_كوهين, #الكويت","https://x.com/shfanews_net/status/1925248347939696787","","","https://www.shfanews.net/post/214420"
"=""1925248311583273292""","ملف الجاسوس الإسرائيلي الأشهر إيلي كوهين يفتح مجددًا بعد تمكن الموساد الإسرائيلي من الحصول على أرشيفه في عملية معقدة من مبنى الأرشيف بالعاصمة السورية دمشق..

ما الحكاية؟ وما قصة هذا الجاسوس؟ https://t.co/tEcp5cN15g","Tweet","NexNews","NexNetnews","5/21/2025, 8:52:21 PM","0","0","0","1","24","0","ar","No","Twitter Web App","","https://x.com/NexNetnews/status/1925248311583273292","video","https://video.twimg.com/amplify_video/1925245375222358016/vid/avc1/720x1280/uRBQjNzaL0nNeN_Z.mp4?tag=14",""
"=""1925248168754549149""","د. مجدلاني : إطلاق الاحتلال النار على الدبلوماسيين في جنين تصعيد خطير واستهتار ممنهج بالقانون الدولي
التفاصيل: https://t.co/naUbQo6NpT

#فلسطين #سلفيت #جنين #طولكرم #عاجل #غزة #الذهب #العربي_الكويت #السودان #الامارات #برشلونه #إسرائيل #رقم_كبير #ايلي_كوهين #الكويت #جيش_الاحتلال","Tweet","شبكة فلسطين للأنباء","shfanews_net","5/21/2025, 8:51:47 PM","0","0","0","0","72","0","ar","No","Twitter Web App","#فلسطين, #سلفيت, #جنين, #طولكرم, #عاجل, #غزة, #الذهب, #العربي_الكويت, #السودان, #الامارات, #برشلونه, #إسرائيل, #رقم_كبير, #ايلي_كوهين, #الكويت, #جيش_الاحتلال","https://x.com/shfanews_net/status/1925248168754549149","","","https://www.shfanews.net/post/214418"
"=""1925246930134695952""","عين بعال
بيروت
#جزين_تستحق
ماركو روبيو
روبرت فورد
ايلي كوهين
الاتحاد الأوروبي
https://t.co/UxLpGOtFg9","Tweet","رهبان الليل","orxcv92299617","5/21/2025, 8:46:52 PM","0","0","0","0","22","0","ar","No","Twitter for Android","#جزين_تستحق","https://x.com/orxcv92299617/status/1925246930134695952","photo","https://pbs.twimg.com/media/Grd9PffWgAA2NUN.jpg",""
"=""1925245567153656305""","@warrior4right ايلي كوهين كان جاسوس اسرائيلي متخفي كاد ان يصل للسلطة في سوريا النهاردة نص الحكام العرب زي ايلي كوهين وقاعدين في السلطة والناس عارفة وساكتة","Reply","khaledfedo","khaled22222k","5/21/2025, 8:41:27 PM","0","0","0","0","10","0","ar","No","Twitter for Android","","https://x.com/khaled22222k/status/1925245567153656305","","",""
"=""1925245011311915386""","#نبأ - شخصيات عربية بارزة: الجولاني جاسوس إسرائيلي
#سوريا 
#النصر_الخليج 

https://t.co/9fJBZTqDUD

بالتزامُنِ مع العدوان الإسرائيلي على مناطقَ مُتفرّقة في سوريا، واحتلال أجزاء مِن أراضيها، تل أبيب تُعلن استرجاعَ الأرشيف الخاصّ بالعميل السابق لجهاز الموساد إيلي كوهين، والذي أدّى https://t.co/K9sBA7qApU","Tweet","قناة نبأ الفضائية","nabaatv_news","5/21/2025, 8:39:14 PM","0","1","0","1","58","0","ar","No","Twitter Web App","#نبأ, #سوريا, #النصر_الخليج","https://x.com/nabaatv_news/status/1925245011311915386","video","https://video.twimg.com/amplify_video/1925244811902132224/vid/avc1/854x480/jG0bth9O-sW2c4KI.mp4?tag=21","https://nabaatv.net/archives/391971"
"=""1925249870270472596""","@sameh_asker ايلي كوهين . جاسوس ضحك عالحكومه السوريه وشوي كان رح يصير وزير . اليوم انت جاي تصيد بالمي عالعكرة . وتشلف بضهر الجولاني .بدكم حدا تزتو بضهرو اخطاء الناضي ونحاسه بيت الاسد .. روح بعبص طيزك وشم كس اختك ع اخت بيت الاسد ايري بنيكات اختكم صرتومحللين سياسيين ع دورنا يااخوات القحبه","Reply","n.agha","nagha236999388","5/21/2025, 8:58:33 PM","0","0","0","0","6","0","ar","No","Twitter for Android","","https://x.com/nagha236999388/status/1925249870270472596","","",""
"=""1925249556788249017""","@m__almasmari سلمهم جثة جندي صهيوني
سلمهم أرشيف ايلي كوهين الكامل
سلمهم جبل الشيخ والقنيطرة ونصف حوران
سلمهم أجواء سوريا وبرها وبحرها
وأعلن هو وحاشيته مراراً وتكراراً رغم التوغل الاسرائيلي في بلاده أنه لن يقبل ان تشكل سوريا خطراً على اسرائيل.. 
ويعلن انه جاهز للدخول في الاتفاقيات التطبيعية","Reply","Hanan  mohammed","mhmdn233","5/21/2025, 8:57:18 PM","0","0","0","0","4","0","ar","No","Twitter for Android","","https://x.com/mhmdn233/status/1925249556788249017","","",""
"=""1925248514159747343""","@muniralmaweri السعوديه تقف مع الجولاني من قتل وسبي النساء العراقيات الحرائر  وهو إيلي كوهين الجديد زراعة الموساد https://t.co/Eg3tqHtpDq","Reply","ستاموني","medo0777777","5/21/2025, 8:53:09 PM","0","0","0","0","39","0","ar","No","Twitter for iPhone","","https://x.com/medo0777777/status/1925248514159747343","video","https://video.twimg.com/amplify_video/1925248308223619072/vid/avc1/480x856/udaZ91JhNg0O9-Ye.mp4?tag=21",""
"=""1925248431955570788""","سليم البرديني : استهداف الوفد الدبلوماسي الأوروبي في جنين جريمة جديدة تفضح الطبيعة الإرهابية للاحتلال
التفاصيل: https://t.co/mI6lZJ6pLj

#فلسطين #سلفيت #جنين #طولكرم #عاجل #غزة #الذهب #العربي_الكويت #السودان #الامارات #برشلونه #إسرائيل #رقم_كبير #ايلي_كوهين #الكويت #جيش_الاحتلال","Tweet","شبكة فلسطين للأنباء","shfanews_net","5/21/2025, 8:52:50 PM","0","0","0","0","90","0","ar","No","Twitter Web App","#فلسطين, #سلفيت, #جنين, #طولكرم, #عاجل, #غزة, #الذهب, #العربي_الكويت, #السودان, #الامارات, #برشلونه, #إسرائيل, #رقم_كبير, #ايلي_كوهين, #الكويت, #جيش_الاحتلال","https://x.com/shfanews_net/status/1925248431955570788","","","https://www.shfanews.net/post/214422"
"=""1925248347939696787""","رئيس فريق المحامين الدولي : مذكرات إعتقال جديدة في الطريق ضد قادة الإحتلال وإسرائيل أضعف مما تتصورون
التفاصيل: https://t.co/q7EwD3rbwu
@faisalkhazaal
#فلسطين #سلفيت #جنين #طولكرم #عاجل #غزة #الذهب #العربي_الكويت #السودان #الامارات #برشلونه #إسرائيل #رقم_كبير #ايلي_كوهين #الكويت","Tweet","شبكة فلسطين للأنباء","shfanews_net","5/21/2025, 8:52:30 PM","0","2","0","2","67","0","ar","No","Twitter Web App","#فلسطين, #سلفيت, #جنين, #طولكرم, #عاجل, #غزة, #الذهب, #العربي_الكويت, #السودان, #الامارات, #برشلونه, #إسرائيل, #رقم_كبير, #ايلي_كوهين, #الكويت","https://x.com/shfanews_net/status/1925248347939696787","","","https://www.shfanews.net/post/214420"
"=""1925248311583273292""","ملف الجاسوس الإسرائيلي الأشهر إيلي كوهين يفتح مجددًا بعد تمكن الموساد الإسرائيلي من الحصول على أرشيفه في عملية معقدة من مبنى الأرشيف بالعاصمة السورية دمشق..

ما الحكاية؟ وما قصة هذا الجاسوس؟ https://t.co/tEcp5cN15g","Tweet","NexNews","NexNetnews","5/21/2025, 8:52:21 PM","0","0","0","1","24","0","ar","No","Twitter Web App","","https://x.com/NexNetnews/status/1925248311583273292","video","https://video.twimg.com/amplify_video/1925245375222358016/vid/avc1/720x1280/uRBQjNzaL0nNeN_Z.mp4?tag=14",""
"=""1925248168754549149""","د. مجدلاني : إطلاق الاحتلال النار على الدبلوماسيين في جنين تصعيد خطير واستهتار ممنهج بالقانون الدولي
التفاصيل: https://t.co/naUbQo6NpT

#فلسطين #سلفيت #جنين #طولكرم #عاجل #غزة #الذهب #العربي_الكويت #السودان #الامارات #برشلونه #إسرائيل #رقم_كبير #ايلي_كوهين #الكويت #جيش_الاحتلال","Tweet","شبكة فلسطين للأنباء","shfanews_net","5/21/2025, 8:51:47 PM","0","0","0","0","72","0","ar","No","Twitter Web App","#فلسطين, #سلفيت, #جنين, #طولكرم, #عاجل, #غزة, #الذهب, #العربي_الكويت, #السودان, #الامارات, #برشلونه, #إسرائيل, #رقم_كبير, #ايلي_كوهين, #الكويت, #جيش_الاحتلال","https://x.com/shfanews_net/status/1925248168754549149","","","https://www.shfanews.net/post/214418"
"=""1925246930134695952""","عين بعال
بيروت
#جزين_تستحق
ماركو روبيو
روبرت فورد
ايلي كوهين
الاتحاد الأوروبي
https://t.co/UxLpGOtFg9","Tweet","رهبان الليل","orxcv92299617","5/21/2025, 8:46:52 PM","0","0","0","0","22","0","ar","No","Twitter for Android","#جزين_تستحق","https://x.com/orxcv92299617/status/1925246930134695952","photo","https://pbs.twimg.com/media/Grd9PffWgAA2NUN.jpg",""
"=""1925245567153656305""","@warrior4right ايلي كوهين كان جاسوس اسرائيلي متخفي كاد ان يصل للسلطة في سوريا النهاردة نص الحكام العرب زي ايلي كوهين وقاعدين في السلطة والناس عارفة وساكتة","Reply","khaledfedo","khaled22222k","5/21/2025, 8:41:27 PM","0","0","0","0","10","0","ar","No","Twitter for Android","","https://x.com/khaled22222k/status/1925245567153656305","","",""
"=""1925245011311915386""","#نبأ - شخصيات عربية بارزة: الجولاني جاسوس إسرائيلي
#سوريا 
#النصر_الخليج 

https://t.co/9fJBZTqDUD

بالتزامُنِ مع العدوان الإسرائيلي على مناطقَ مُتفرّقة في سوريا، واحتلال أجزاء مِن أراضيها، تل أبيب تُعلن استرجاعَ الأرشيف الخاصّ بالعميل السابق لجهاز الموساد إيلي كوهين، والذي أدّى https://t.co/K9sBA7qApU","Tweet","قناة نبأ الفضائية","nabaatv_news","5/21/2025, 8:39:14 PM","0","1","0","1","58","0","ar","No","Twitter Web App","#نبأ, #سوريا, #النصر_الخليج","https://x.com/nabaatv_news/status/1925245011311915386","video","https://video.twimg.com/amplify_video/1925244811902132224/vid/avc1/854x480/jG0bth9O-sW2c4KI.mp4?tag=21","https://nabaatv.net/archives/391971"
"=""1925243238140489809""","@Abo_Khaled_Kwi الأسطوره الوهميه حرامي الساعات و النائب لحرامي الأهرام و شوشو هبه و عدلي كوهين و باقي العصابه الفاسده من شلة الأنس الجهلاويه إيلي أستخبوا لما بدأت أحداث 25 يناير سنة 2011 ثم عادوا إلى واجهة المشهد من جديد  في ديسمبر سنة 2017 مع أنتخابات أدارة نادي الحمر لقطيع الجهلاويه البيب بيب","Reply","🏳❤🏹🏳❤🏹🏳❤🏹 🎯🏹🤍🏹 A. bayoumy3","ABayoumy378841","5/21/2025, 8:32:11 PM","0","0","0","0","17","0","ar","No","Twitter Web App","","https://x.com/ABayoumy378841/status/1925243238140489809","","",""
"=""1925242259810746843""","@sorya1122 @3M_SI هاذا نسخة مطابقة للأصل للعميل إيلي كوهين و الأيام ستبين لكم يا أهل سوريا","Reply","homa","les_aigles2","5/21/2025, 8:28:18 PM","0","0","0","0","12","0","ar","No","Twitter for iPhone","","https://x.com/les_aigles2/status/1925242259810746843","","",""
"=""1925241892804935978""","@Akaidkyet ازيك يا شلومو8200 ك🐟 و ك🐟 ايلي كوهين شوفو دولة تانيةبقيتو مهروشين يا حمار","Reply","oraby a","orabya1","5/21/2025, 8:26:51 PM","0","0","0","0","19","0","ar","No","Twitter Web App","","https://x.com/orabya1/status/1925241892804935978","","",""
"=""1925241609106472987""","@x055x5 ايه يا شلومو انت بقيت عنزي بص ك🐟 علي ك🐟 ايلي كوهين علي ك🐟 الوحدة 8200 بقيتو مهروشين اوي","Reply","oraby a","orabya1","5/21/2025, 8:25:43 PM","0","0","0","0","6","0","ar","No","Twitter Web App","","https://x.com/orabya1/status/1925241609106472987","","",""
"=""1925241489614922125""","@ONTVEgy أيلي كوهين.....
كان كل اعلام سوريا  بيقول انو من اشرف ابناء الوطن  والكان يقول عليه نص كلمه كان بيعتقل https://t.co/RG29XF1ZtJ","Reply","مش صايع بحر 🤦","FaqreMenwume","5/21/2025, 8:25:15 PM","0","0","0","0","9","0","ar","No","Twitter for Android","","https://x.com/FaqreMenwume/status/1925241489614922125","photo","https://pbs.twimg.com/media/GrfU7mwXUAAxQ91.jpg",""
"=""1925241008432022008""","رفات #ايلي_كوهين لم تُسلَّم عبثًا…

ان عملية استعادة وثائق ورفات الجاسوس الإسرائيلي إيلي كوهين لم تكن مجرّد صفقة سياسية، بل جاءت نتيجة عملية استخباراتية دقيقة جرت في مرحلة حساسة من عمر الصراع السوري، بعد سقوط الأسد فعليًا وقبيل استلام هيئة تحرير الشام وتمت العملية بقيادة فصائل","Tweet","Anas Shehadeh 🇸🇾🇸🇾","anooooos93","5/21/2025, 8:23:20 PM","0","0","0","0","14","0","ar","No","Twitter for iPhone","#ايلي_كوهين","https://x.com/anooooos93/status/1925241008432022008","","",""
"=""1925240603438174319""","كلام هيكل لايحسم اى حاجة
وكتبنا صفحات عن اكاذيبه 
وان دايما بيستشهد بالاموات
غير انه ظهر فى برنامج وقال ان لم يكن هناك اى جواسيس مصريين مقيمين فى اسرائيل وده رد على موضوع رأفت الهجان
فمش هنكذب زوجة الهجان وزوجة ايلى كوهين عشان هيكل اللى اتفضح","Tweet","🇪🇬احمد دهب 🇪🇬","E1u2TRdeDEfiYlM","5/21/2025, 8:21:43 PM","0","0","0","0","5","0","ar","No","Twitter for Android","","https://x.com/E1u2TRdeDEfiYlM/status/1925240603438174319","","",""
"=""1925230811260866893""","الاستاذ محمد حسنين هيكل قال أن المخابرات المصرية هي التى كشفت إيلى كوهين عندما ظهر فى صورة بجوار الرئيس السوري بالتالى هيكل حسم الأمر ومصر هي التى أرشدت عن إيلى وربما مصر هي من طلبت من السوريين عدم إعلانهم عن أن مصدر المعلومة مصر.","Quoted tweet","𓅓mahmoud Saad 6🇪🇬","mahmoud12211852","5/21/2025, 7:42:49 PM","2","0","1","4","153","0","ar","No","Twitter for Android","","https://x.com/mahmoud12211852/status/1925230811260866893","","",""
"=""1925238289016959263""","@SaeedAb92038922 @cairo24_ هو مش رئيس فاشل. بل هو عميل ناجح. طول مافينا كتير شايفينه رئيس فاشل، مفيش فايده. لازم نراه كما هو. عميل للموساد زي إيلي كوهين.","Reply","SM🔻","sherifmahmoud20","5/21/2025, 8:12:31 PM","0","0","0","1","8","0","ar","No","Twitter for Android","","https://x.com/sherifmahmoud20/status/1925238289016959263","","",""
"=""1925239150120153129""","2500 وثيقة.. هل تحل اللغز الأكبر عن إيلي كوهين؟ https://t.co/J9DKRH2E98 via @NewsWaradana","Tweet","Waradana News","NewsWaradana","5/21/2025, 8:15:57 PM","0","0","0","0","22","0","ar","No","Twitter Web App","","https://x.com/NewsWaradana/status/1925239150120153129","","","https://waradana.com/article/218363"
"=""1925239388620902560""","لماذا تنازل الجولانى عن ملف الجـ ـاسوس ايلى كوهين ؟

https://t.co/uHZ4Ikz5hi

#مصر #السعودية #سوريا #ايلي_كوهين #إسرائيل #المواطن_سعيد #غزة https://t.co/jNSI3YjksT","Tweet","المواطن سعيد","ASaidOfficial","5/21/2025, 8:16:54 PM","2","11","0","43","461","5","ar","No","Twitter for iPhone","#مصر, #السعودية, #سوريا, #ايلي_كوهين, #إسرائيل, #المواطن_سعيد, #غزة","https://x.com/ASaidOfficial/status/1925239388620902560","video","https://video.twimg.com/amplify_video/1925238867063345152/vid/avc1/1280x720/qx4qo3S22T6BnnMG.mp4?tag=21","https://youtu.be/jS6bFFDElq4"
"=""1925238054148608230""","هل فيه أي حد سوري من نشطاء الثورة، علق على خبر رويترز بموافقة السلطة الجديدة على نقل ملفات إيلي كوهين ؟","Tweet","abdelmoneim Mahmoud عبدالمنعم محمود","moneimpress","5/21/2025, 8:11:35 PM","2","0","0","0","245","0","ar","No","Twitter for iPhone","","https://x.com/moneimpress/status/1925238054148608230","","",""
"=""1925082770021523460""","يعني حسب رويترز أحمد الشرع وافق علي نقل وثائق إيلي كوهين لإسرائيل، وربما نقل رفاته أيضا !!","Quoted tweet","abdelmoneim Mahmoud عبدالمنعم محمود","moneimpress","5/21/2025, 9:54:33 AM","0","0","1","2","540","0","ar","No","Twitter Web App","","https://x.com/moneimpress/status/1925082770021523460","","",""
"=""1925236627103723796""","@LoayAlkhteeb 12 سنة في السنة ال13 بدائنا نتكلم عن الزراعه 

اما بخصوص  الوثائق اللي السوريين سلموها 
دي شوية ورق ووثائق عن جاسوس اتحاكم وانعدم 

المشكله في اللي عنهم ايلي كوهين لسه مش عارفينه","Reply","ياســــ سلامةـــــــين-yasen salama","slmslm845925","5/21/2025, 8:05:55 PM","1","0","0","3","208","0","ar","No","Twitter for Android","","https://x.com/slmslm845925/status/1925236627103723796","","",""
"=""1925236432693514476""","@dr_abdullah44 إيلي كوهين الجديد الذي اعد لهذه المرحله والايام القادمه تثبت وستعظ إصبع الندم عل ما كتبته فيه وان حسابك عسير عند الله لأنك عالم وتعرف كل الأمور وتحرفها","Reply","uaserniahiماجينه ماجينهAlexander","uaserniahi42999","5/21/2025, 8:05:09 PM","1","0","0","0","41","0","ar","No","Twitter for iPhone","","https://x.com/uaserniahi42999/status/1925236432693514476","","",""
"=""1925236307069936100""","متى نعيد لـ #ايلي_كوهين نظاراته؟

#لينا_الطبال
#رأي_اليوم
 https://t.co/Iuwcdb4uGn","Tweet","Pierre Abi-Saab","PierreABISAAB","5/21/2025, 8:04:39 PM","0","2","0","7","892","0","ar","No","Twitter for iPhone","#ايلي_كوهين, #لينا_الطبال, #رأي_اليوم","https://x.com/PierreABISAAB/status/1925236307069936100","","","https://www.raialyoum.com/%d9%85%d8%aa%d9%89-%d9%86%d8%b9%d9%8a%d8%af-%d9%84%d9%80-%d8%a7%d9%8a%d9%84%d9%8a-%d9%83%d9%88%d9%87%d9%8a%d9%86-%d9%86%d8%b8%d8%a7%d8%b1%d8%a7%d8%aa%d9%87%d8%9f/"
"=""1925235808308797547""","كارثة….دي اسمها خيانة عظمى
والاسلام بريء منها …لايوجد
مبرر  لها قبح الله وجوه  رموز سوريا
الثورة ولا عذر  لهم

كشفت مصادر مطّلعة لوكالة «رويترز»، أن الحكومة السورية وافقت على تسليم مقتنيات الجاسوس الإسرائيلي إيلي كوهين إلى إسرائيل، في خطوة وصفت بأنها بادرة حسن نية تجاه إدارة","Tweet","صلاح بديوي","bedewi1_s","5/21/2025, 8:02:40 PM","1","2","0","20","820","0","ar","No","Twitter for iPhone","","https://x.com/bedewi1_s/status/1925235808308797547","","",""
"=""1925230811260866893""","الاستاذ محمد حسنين هيكل قال أن المخابرات المصرية هي التى كشفت إيلى كوهين عندما ظهر فى صورة بجوار الرئيس السوري بالتالى هيكل حسم الأمر ومصر هي التى أرشدت عن إيلى وربما مصر هي من طلبت من السوريين عدم إعلانهم عن أن مصدر المعلومة مصر.","Tweet","𓅓mahmoud Saad 6🇪🇬","mahmoud12211852","5/21/2025, 7:42:49 PM","2","0","1","4","153","0","ar","No","Twitter for Android","","https://x.com/mahmoud12211852/status/1925230811260866893","","",""
"=""1924904524415664402""","وهو أن السفارة الهندية قد اشتكت من التشويش الذي تتعرض له رسائلها اللاسلكية
بسبب موجات يجري إرسالها من نقطة قريبة
مما يجعل المساحة التي سيتعامل معها جهاز الرصد صغيرة جدًا
وفكرة القبض على مصدر الإشارة خلال إرسالها أكثر قبولًا.
وبكده اصبحت دى الرواية  الرسمية","Quoted tweet","🇪🇬احمد دهب 🇪🇬","E1u2TRdeDEfiYlM","5/20/2025, 10:06:16 PM","1","0","0","5","244","0","ar","No","Twitter Web App","","https://x.com/E1u2TRdeDEfiYlM/status/1924904524415664402","","",""
"=""1925233883618136265""","2500 وثيقة.. هل تحل اللغز الأكبر عن #إيلي_كوهين؟   

https://t.co/WxVtdMZ1uk 

#صحيفة_الخليج https://t.co/V5IelYLlri","Tweet","صحيفة الخليج","alkhaleej","5/21/2025, 7:55:01 PM","0","0","0","2","405","0","ar","No","TweetDeck Web App","#إيلي_كوهين, #صحيفة_الخليج","https://x.com/alkhaleej/status/1925233883618136265","photo","https://pbs.twimg.com/media/GrfN_EdboAgtQeV.jpg","https://alkhaleej.ae/node/5925201"
"=""1925235319739183142""","@SyrNetworkNews نشوف مراجل احمد الشرع الي عطوا مقتنيات ايلي كوهين لإسرائيل دون اي مقابل وتسليم رفات جندي صهيوني 🤣","Reply","Mohamad ZD","MohamadZD27","5/21/2025, 8:00:44 PM","0","0","0","0","114","0","ar","No","Twitter for Android","","https://x.com/MohamadZD27/status/1925235319739183142","","",""
"=""1925230721926369281""","@RD_turk أول دولة خذلت وخانت فلسطين هي تركيا التي طعنت المقاومة في ظهرها بالتمرد والانقلاب على نظام الأسد الذي يمد غزة والضفة وجنوب لبنان بالسلاح، وبعد سقوطه توقفت ثورة الضفة ودعمها لغزة بسبب هذا الانقلاب اللعين الذي جاء بحفيد ايلي كوهين تلميذ ابو بكر البغدادي الى السلطة !","Reply","شاذلي 🔻","Chibim1234","5/21/2025, 7:42:27 PM","0","0","0","0","19","0","ar","No","Twitter Web App","","https://x.com/Chibim1234/status/1925230721926369281","","",""
"=""1925230221030043907""","🌊⛈أستراليا 
فيضانات ضخمة في مدينة تاري، أستراليا، نيو ساوث ويلز.
يقوم رجال الإنقاذ بإجلاء الأشخاص من أسطح المنازل. ارتفع منسوب المياه في النهر إلى مستويات قياسية خلال المائة عام الماضية.
#منخفض_جوي #امطار_غزيره 
#بحر_العرب #الحالة_المدارية #جنين #شيخ_الاسلام #ايلي_كوهين https://t.co/a1bx7XOrWP","Tweet","جغرافية الطقس والمناخ - مصر والعالم","WGeographical","5/21/2025, 7:40:28 PM","0","0","0","2","596","0","ar","No","Twitter for Android","#منخفض_جوي, #امطار_غزيره, #بحر_العرب, #الحالة_المدارية, #جنين, #شيخ_الاسلام, #ايلي_كوهين","https://x.com/WGeographical/status/1925230221030043907","video","https://video.twimg.com/ext_tw_video/1925229994780897281/pu/vid/avc1/720x1280/F7jFFfic5VRnUhnw.mp4?tag=12",""
"=""1925230107704143886""","@Alharbi03430074 @mustafa_habesh الجولاني حفيد إيلي كوهين من بنته صوفي ، هي ولدت ١٩٥٩ , اختفت عن الأنظار ١٩٨٣, وانجبته ١٩٨٤","Reply","ovid","UrNammu2112","5/21/2025, 7:40:01 PM","1","0","0","0","40","0","ar","No","Twitter for Android","","https://x.com/UrNammu2112/status/1925230107704143886","","",""
"=""1925229724927934739""","@alhabashi @NAlahdb ممتلكات إيلي كوهين التي سلمتها سوريا لإسرائيل تشمل حوالي 2500 عنصر، منها وثائق مكتوبة بخط اليد مثل وصيته ورسائل لعائلته، وصور وتسجيلات من مهامه التجسسية، وجوازات سفر ووثائق هوية مزورة، وأغراض شخصية مثل مفاتيح شقته بدمشق وساعة. هذه العناصر جزء من أرشيف المخابرات السورية، وتم","Reply","Grok","grok","5/21/2025, 7:38:30 PM","0","0","0","0","35","0","ar","No","Banners & Ads","","https://x.com/grok/status/1925229724927934739","","",""
"=""1925229395725234191""","@Alaqeede20 @LoayAlkhteeb هل تسليم الجولانى لارشيف محاكمة إيلى كوهين ممكن ان نسميه وطنيه او نزاهه؟! 
الجميع يؤكد ان الجولانى يفعل المستحيل لاجل التقرب من الصهاينه وامريكا.... وكيف يفعل هذا والجولان واجزاء اخرى من سوريا تحتلها دولة الصهاينه.","Reply","Mostafa Abdulqader M1","Mostafa26075424","5/21/2025, 7:37:11 PM","1","0","0","0","29","0","ar","No","Twitter for Android","","https://x.com/Mostafa26075424/status/1925229395725234191","","",""
"=""1925229122600546383""","ابن عم ايلى كوهين جارى تنفيذ مهمته بنجاح","Tweet","قرصان ☭","ahmadovichz","5/21/2025, 7:36:06 PM","0","2","0","11","378","0","ar","No","Twitter for iPhone","","https://x.com/ahmadovichz/status/1925229122600546383","","",""
"=""1925216615202717957""","إعلام العدو:

اتفاق تركي - إسرائيلي على إبقاء جنوب سوريا منطقة منزوعة السلاح","Quoted tweet","Ali. ABk","Bk_Hanasa","5/21/2025, 6:46:24 PM","14","10","17","94","3218","7","ar","No","Twitter for Android","","https://x.com/Bk_Hanasa/status/1925216615202717957","","",""
"=""1925227838539735499""","الجاسوس إيلي كوهين يعود للواجهة.. ماذا تعرف عنه؟ https://t.co/zVE60sYZ8P","Tweet","Halab Today TV قناة حلب اليوم","HalabTodayTV","5/21/2025, 7:31:00 PM","1","0","0","6","1186","1","ar","No","Twitter Web App","","https://x.com/HalabTodayTV/status/1925227838539735499","video","https://video.twimg.com/amplify_video/1925175746110078976/vid/avc1/1080x1350/KJruKmViswZPHaX8.mp4?tag=21",""
"=""1925228312483311889""","@SaidFik @hesham_x92 ظهرت هل كاميرا بفيديو تعرض مقتنيات ووثائق ايلي كوهين","Reply","لانا - 🇸🇾 Lana","A7G9A","5/21/2025, 7:32:53 PM","0","0","0","0","38","0","ar","No","Twitter for Android","","https://x.com/A7G9A/status/1925228312483311889","","",""
"=""1925228633905565840""","@alhabashi @NAlahdb تسليم سوريا لممتلكات إيلي كوهين لإسرائيل في مايو 2025 يُعتبر بادرة حسن نية لتخفيف التوترات وتحسين العلاقات مع الولايات المتحدة وإسرائيل. يعكس هذا القرار جهود الرئيس أحمد الشرع لتقديم صورة معتدلة والابتعاد عن سياسات النظام السابق. ومع ذلك، القرار مثير للجدل، إذ قد يواجه انتقادات","Reply","Grok","grok","5/21/2025, 7:34:09 PM","1","0","0","0","50","0","ar","No","Banners & Ads","","https://x.com/grok/status/1925228633905565840","","",""
"=""1925227588437389619""","2500 وثيقة.. هل تحل اللغز الأكبر عن #إيلي_كوهين؟ 

https://t.co/xzI8fbInHS 

#صحيفة_الخليج","Tweet","صحيفة الخليج","alkhaleej","5/21/2025, 7:30:00 PM","0","0","0","1","451","0","ar","No","TweetDeck Web App","#إيلي_كوهين, #صحيفة_الخليج","https://x.com/alkhaleej/status/1925227588437389619","","","https://www.alkhaleej.ae/node/5925201"
"=""1925227220366143897""","ايلي كوهين .. (كامل أمين ثابت)

https://t.co/cn8aMCG6tL","Tweet","شبكة تحت المجهر الإعلامية","almjharNews","5/21/2025, 7:28:32 PM","0","0","0","0","28","0","ar","No","Twitter for Android","","https://x.com/almjharNews/status/1925227220366143897","","","https://www.almjhar.com/ar-sy/NewsView/2212/286483.aspx"
"=""1925227195431104662""","@GamalSultan1 تكلم لنا عز كارثة الجولاني، لماذا تضع رأسك تحت التراب ، ألم ترى ماقالته رويترز بان النظامالسوري مز قدم وثائق ايلي كوهين؟ طلبتم بتغيير بشار فجائكم، أسوء من بشار، لماذا لاتقولون ذالك ياجماعة الإخوان المسلمين؟","Reply","Nadir.Monhem","MonNadir94","5/21/2025, 7:28:27 PM","0","0","0","0","48","0","ar","No","Twitter for Android","","https://x.com/MonNadir94/status/1925227195431104662","","",""
"=""1925226778701836573""","القناة 12 الإسرائيلية : مصادر تنفي أن تكون حكومة أحمد الشرع قد سلّمت أرشيف ""إيلي كوهين"" لتل أبيب ..","Tweet","𝙝𝙚𝙨𝙝𝙖𝙢 🌧️🍂","hesham_x92","5/21/2025, 7:26:47 PM","3","1","0","55","2405","2","ar","No","Twitter for Android","","https://x.com/hesham_x92/status/1925226778701836573","","",""
"=""1925226739732472229""","@DrZM12345678 مش محتاج تحليل!
ايلي كوهين نفسه شهد له وهو ميت!!","Reply","Adel El Bana","adel_banaa","5/21/2025, 7:26:38 PM","0","0","0","1","408","0","ar","No","Twitter for Android","","https://x.com/adel_banaa/status/1925226739732472229","","",""
"=""1925226686809010464""","عن #إيلي_كوهين

كله كوم وشرمطة عبد الباري عطوان بكوم تاني

لاحظ كيف يمدح العصابة النصيرية!
""على مدى 55 عاماً فشل الموساد باستعادة أرشيف كوهين أو رفاته""!
يا أخو الشليتة! ما حدا قلك أن الروس سلمو رفات كوهين لنتنياهو في 2020؟ والعصابة النصيرية نفسها خادمة لإسرائيل وأمريكا؟ https://t.co/QgczoaF3bu","Tweet","The Damascene","The_Dimashqi","5/21/2025, 7:26:25 PM","0","1","0","3","64","0","ar","No","Twitter for iPhone","#إيلي_كوهين","https://x.com/The_Dimashqi/status/1925226686809010464","photo","https://pbs.twimg.com/media/GrfHdqSaMAESxXb.jpg",""
"=""1925223521350742451""","@ahmadyo55144318 @skynewsarabia راجع قصة إيلى كوهين باسم عربى مسلم مع أوراق إثبات...","Reply","هناء المصرية💚🇪🇬💚","qaV83tVbL4VgdFu","5/21/2025, 7:13:51 PM","0","0","0","0","21","0","ar","No","Twitter for Android","","https://x.com/qaV83tVbL4VgdFu/status/1925223521350742451","","",""
"=""1925223867326345318""","الجولاني الجهادي السُني هههههههه
بنو سمية الخونة ييردّوا الجميل لليهود 
بتسليمهم 2000 وثيقة للجاسوس جد الجولاني ايلي كوهين 😄

— ادّاهم جبل الشيخ والقنيطرة
— منع التجنيد والجيش فككوه 

شغال غلام عندهم وعند كلابهم سلمان وزايد واردوغان

قالك النصيري الكافر ليه مابيحاربش اسرائيل؟😂 https://t.co/n604lo7Fr5","Tweet","Dina ⚜️","Dina_2096","5/21/2025, 7:15:13 PM","0","0","0","1","87","0","ar","No","Twitter for iPhone","","https://x.com/Dina_2096/status/1925223867326345318","photo","https://pbs.twimg.com/media/GrfE5tkWoAoLf19.jpg",""
"=""1925222862568206603""","@ahmadyo55144318 @skynewsarabia الجولانى والحكومة لا تستطيع الرفض أو القبول ركز فى المشهد هتعرف أن قرار سوريا فى يد تركيا وترامب فضح هذا الأمر 
ثانيا الأرشيف كان فى يد المخابرات السورية يعنى الموجود كشف سير العملية ل الجاسوس إيلى كوهين فى سوريا 
واى حد يقولك فى فضائح ويتم تأليف قصص خيالية عن  ال الأسد كاذب","Reply","هناء المصرية💚🇪🇬💚","qaV83tVbL4VgdFu","5/21/2025, 7:11:14 PM","1","0","0","0","35","0","ar","No","Twitter for Android","","https://x.com/qaV83tVbL4VgdFu/status/1925222862568206603","","",""
"=""1925222561018724651""","@RaghdaaElSaeed مش عارف ليه بيفكرني ب إيلي كوهين وبنفس سرعة تواجده","Reply","Mohamed Gamil","Mazago101","5/21/2025, 7:10:02 PM","0","1","0","2","247","0","ar","No","Twitter for Android","","https://x.com/Mazago101/status/1925222561018724651","","",""
"=""1925222049355854250""","#الجاسوس_إيلي_كوهين

لا يستاهل هذا الجاسوس الكتابة عنه وتفنيد الأكاذيب التي حاكها الموساد عنه وإظهاره ب ""الأسطورة التي اخترقت الدولة السورية"" وضخمّتها أبواق عبد الناصر وأنه كان ""سيصبح رئيساً لسورية لولا جهود المخابرات الحربية المصرية""! وهذه بحد ذاتها نكتة سمجة لا تستاهل الرد. كان https://t.co/YOa82Z6me2","Reply","Ibn Omaya🇸🇾","OmayaIbn","5/21/2025, 7:08:00 PM","0","1","0","3","71","0","ar","No","Twitter for iPhone","#الجاسوس_إيلي_كوهين","https://x.com/OmayaIbn/status/1925222049355854250","photo","https://pbs.twimg.com/media/GrfDPtfboAA9rWX.jpg",""
"=""1925221177435340937""","@ahmedatwan66 ابن الانجليزية يتباري مع ابن اليهوووودية أيهما ابن شرمووووTاااا اكتر من التاني .
لكن ايلي كوهين مصر يستحقها بامتياز. https://t.co/8VoWCSvjJp","Reply","M.G","mmwdnr049726126","5/21/2025, 7:04:32 PM","0","0","0","3","14","0","ar","No","Twitter for Android","","https://x.com/mmwdnr049726126/status/1925221177435340937","photo","https://pbs.twimg.com/media/GrfCdUqXYAAdq3l.jpg",""
"=""1925219567049064880""","@AlArabiya الجولانى الداعشى سلم أرشيف الجاسوس إيلى كوهين بالتعاون مع المخابرات التركية للموساد الإسرائيلي 
اخر الكلام مع قردوغان 🦧 https://t.co/TRCzMSgnPp","Reply","هناء المصرية💚🇪🇬💚","qaV83tVbL4VgdFu","5/21/2025, 6:58:08 PM","0","0","0","0","22","0","ar","No","Twitter for Android","","https://x.com/qaV83tVbL4VgdFu/status/1925219567049064880","photo","https://pbs.twimg.com/media/GrfA_JOXEAERWZO.jpg, https://pbs.twimg.com/media/GrfA_JIW8AAWSOP.jpg",""
"=""1925221017468748245""","خاص الهديل:إيلي كوهين يعود من دمشق... فهل نضجت الصفقة؟ https://t.co/UTs28HNuuE","Tweet","AlHadeel News","news_hadeel","5/21/2025, 7:03:54 PM","0","0","0","0","45","0","ar","No","Twitter for Android","","https://x.com/news_hadeel/status/1925221017468748245","","","https://alhadeel.net/article/757065/"
"=""1925220320245420179""","@mu__ha90 لانها جماعات قوية لديها قدرة الرد على الاعتداءات الصهيونية والأمريكية بينما انتم حتى ملف إيلي كوهين سلم الى الجانب الإسرائيلي واكيد هناك فرق بين القدرة الشيعية وبين الخيانة السلفية التكفيرية..","Reply","عصام حسين","IssamHussein19","5/21/2025, 7:01:07 PM","2","0","0","4","123","0","ar","No","Twitter for iPhone","","https://x.com/IssamHussein19/status/1925220320245420179","","",""
"=""1925221127699243042""","@imammoraib من تسليم رفاة الجندي المقتول في معركة السلطان يعقوب الى ملف ايلي كوهين الى الإجتماع بالإسرائيليين في تركيا الى صمت اهل القبور عن التوغل الإسرائيلي ..جميع هذه الأمور تؤدي الى التطبيع ....هنيئا لاهل غزة بعمامتك مولانا","Reply","vempire","marwanchayto","5/21/2025, 7:04:20 PM","0","1","0","1","138","0","ar","No","Twitter for Android","","https://x.com/marwanchayto/status/1925221127699243042","","",""
"=""1925213131967459412""","مرات أبو جمال عبد الناصر كانت أم الجاسوس الإسرائيلي إيلي كوهين، اللي اشتغل في دمشق. المؤرخ عبد المنعم القاسم رحمه الله تناول الموضوع في حلقة مهمة.
 https://t.co/2TSCfCoLoX","Tweet","عماد ابن فلسطين 𓂆 🇵🇸","msnonajan","5/21/2025, 6:32:34 PM","0","0","0","2","60","0","ar","No","Twitter for iPhone","","https://x.com/msnonajan/status/1925213131967459412","video","https://video.twimg.com/amplify_video/1925165095933411328/vid/avc1/426x240/nYxQz0izN4RIWA50.mp4?tag=14",""
"=""1925219042371002677""","في الفيلم المصور الذي عرض وثائق و أغراض ""ايلي كوهين ""الشخصية هذه الكاميرا التي تظهر في المقطع , Canon PowerShot SX720 موديل عام 2015 م . هل هي مستخدمة إلى تاريخ اليوم في جهاز استخبارات مثل جهاز الاستخبارات الصهيوني ؟! أم أنّ المقطع قديم وتم الكشف عنه اليوم .
إذن : هل كان تسليم https://t.co/VxCgvFgCAP","Tweet","𝙝𝙚𝙨𝙝𝙖𝙢 🌧️🍂","hesham_x92","5/21/2025, 6:56:03 PM","9","11","0","58","2551","2","ar","No","Twitter for Android","","https://x.com/hesham_x92/status/1925219042371002677","photo","https://pbs.twimg.com/media/GrfAguAXwAAmxuT.jpg",""
"=""1925217811229442216""","مصادر: النظام السوري عثر على ملف إيلي كوهين في مبنى أمني وقدّمه لإسرائيل بشكل غير مباشر لتهدئة التوترات
رويترز/ تايمز أوف إسرائيل/20 أيار 2025
عمّان / دمشق — وافقت القيادة السورية على تسليم متعلقات الجاسوس الإسرائيلي الشهير إيلي كوهين إلى إسرائيل، في خطوة تهدف إلى تخفيف التوترات","Tweet","Elias Youssef Bejjani","EliasYouss60156","5/21/2025, 6:51:09 PM","0","0","0","2","30","0","ar","No","Twitter Web App","","https://x.com/EliasYouss60156/status/1925217811229442216","","",""
"=""1925217569646023166""","مصادر: النظام السوري عثر على ملف إيلي كوهين في مبنى أمني وقدّمه لإسرائيل بشكل غير مباشر لتهدئة التوترات/Sources: Syrian government found Eli Cohen dossier in state security building, offered it indirectly to Israel to ease tensions https://t.co/aheWCyqcAY via @phoeniciaelias","Tweet","Elias Youssef Bejjani","EliasYouss60156","5/21/2025, 6:50:12 PM","0","1","0","2","24","0","und","No","Twitter Web App","","https://x.com/EliasYouss60156/status/1925217569646023166","","","https://eliasbejjaninews.com/2025/05/143522/"
"=""1925216678851248319""","وثائق #ايلي_كوهين ليش بقيت معه بسوريا لبعد موته؟","Tweet","C.a.s.t.r.o 🇨🇺","Castro_SL1","5/21/2025, 6:46:39 PM","4","0","0","20","1363","0","ar","No","Twitter for Android","#ايلي_كوهين","https://x.com/Castro_SL1/status/1925216678851248319","","",""
"=""1925212939096662098""","@S_h_1938 @mansourgaza حفيد ايلي كوهين جميل
انت حفيت السيشوار وهي بلدك ليش ما تنقبر تجاهد فيها؟ 
ليش متل المطلقة جاية تردح عنا بدك نحميك؟ 😂
شعب منفوخ","Reply","Syrian","Syrian_boy77","5/21/2025, 6:31:48 PM","0","0","0","1","30","0","ar","No","Twitter for iPhone","","https://x.com/Syrian_boy77/status/1925212939096662098","","",""
"=""1925219418256114069""","@Mohamad29169351 مكانه الطبيعي أن يكون رئيسها حفيد إيلي كوهين من ابنته صوفي(م ١٩٥٩) - مولود في ١٩٨٤ في اسرائيل؟","Reply","ovid","UrNammu2112","5/21/2025, 6:57:32 PM","0","0","0","0","14","0","ar","No","Twitter for Android","","https://x.com/UrNammu2112/status/1925219418256114069","","",""
"=""1925215004460282334""","تمكن جهاز الموساد من استعادة أرشيف سري ضخم من سوريا، عن الجاسوس الإسرائيلي الشهير إيلي كوهين. لم يُعلم حتى الآن كيف تمت هذه العملية، ولكن المعلوم أن كوهين لم يكن الجاسوس الوحيد للموساد في المنطقة.. إليك أشهرهم. https://t.co/2nkuljBfq8","Tweet","مجلة ميم.. مِرآتنا","Meemmag","5/21/2025, 6:40:00 PM","1","14","0","37","280","3","ar","No","Twitter Media Studio","","https://x.com/Meemmag/status/1925215004460282334","video","https://video.twimg.com/amplify_video/1925208741265174528/vid/avc1/1080x1350/PeNn6yNHkH6Ct2rq.mp4?tag=16",""
"=""1925211737084592479""","@Hanzpal2 وثائق ايلي كوهين وغيرها من الوثائق والاسرار اخذها ماهر الاسد بعد سقوط النظام نزل في اسرائيل وسلم كل شي هناك وهو الحين مقيم في اسرائيل","Reply",".","7akmal3lm","5/21/2025, 6:27:01 PM","1","0","0","0","79","0","ar","No","Twitter for iPhone","","https://x.com/7akmal3lm/status/1925211737084592479","","",""
"=""1925211599368757641""","تاريخ مكتوب وما نقرا
ايلي كوهين امه زوجة والد  عبد الناصر رئيس #مصر
تزوجها في الإسكندرية ومعها اولاد منهم ايلي كوهين
هتلر عنده حق في قتلهم
الله يا المسلمين كم يلعب فيكم اليهود 
لا حول ولا قوة الا بالله العلي العظيم https://t.co/YI4jS2PZ7e","Tweet","#سعودي_وأفتخر","mawatten","5/21/2025, 6:26:28 PM","0","0","0","0","27","0","ar","No","Twitter Web App","#مصر","https://x.com/mawatten/status/1925211599368757641","photo","https://pbs.twimg.com/media/Gre46m8WwAA79wo.png, https://pbs.twimg.com/media/Gre5AC-XUAAdhrg.png",""
"=""1925211390517653938""","#كلنا_الجيش_المصري
بروين
المقاومه الاولي
ايلي كوهين
اليوم الثلاثاء
الدوري الاوروبي
كيلو دهب
السوريين
عمر مرموش
https://t.co/4S2CQc3kXP","Tweet","Valeria Drake","rqfts75383318","5/21/2025, 6:25:38 PM","0","0","1","0","71","0","ar","No","Twitter for Android","#كلنا_الجيش_المصري","https://x.com/rqfts75383318/status/1925211390517653938","video","https://video.twimg.com/amplify_video/1925137918403710977/vid/avc1/960x720/gLitC2gstA-aj_oz.mp4?tag=14",""
"=""1925210246664085640""","#هشتاقك_ترند_الان_ち481682θ1
زيزو
21 مايو 2025
بريطانيا
الموشر العام
ايلي كوهين
اليوم الثلاثاء
بروين
كيلو دهب
عمر مرموش
السوريين
وزير الخارجيه الامريكي
https://t.co/9TbSR3mESB","Tweet","أبو حنان","AbwHnan92","5/21/2025, 6:21:06 PM","0","0","0","1","74","0","ar","No","Twitter Web App","#هشتاقك_ترند_الان_ち481682θ1","https://x.com/AbwHnan92/status/1925210246664085640","video","https://video.twimg.com/amplify_video/1925157392049680385/vid/avc1/960x720/oI7gwJ0-DJScujl-.mp4?tag=14",""
"=""1925202706475499859""","رويترز: الشرع سلّم أرشيف الجاسوس إيلي كوهين لـ""إسرائيل"" https://t.co/LfIZtk5zgz","Tweet","عرب جورنال | Arab Journal","arab_Jornal","5/21/2025, 5:51:08 PM","0","1","0","0","40","0","ar","No","Twitter Web App","","https://x.com/arab_Jornal/status/1925202706475499859","","","https://arab-j.net/31910"
"=""1925201924007096747""","@skynewsarabia الجولاني نجح بينما اخفق ايلي كوهين
حظوظ 😀😀😀😀😀","Reply","Same hdad","MarzoqT5814","5/21/2025, 5:48:01 PM","0","0","0","0","17","0","ar","No","Twitter Web App","","https://x.com/MarzoqT5814/status/1925201924007096747","","",""
"=""1925206955389255798""","كيف استرجعت إسرائيل أسرار إيلي كوهين من قلب دمشق؟
بعد حوالي 60 سنة من إعدامه، إسرائيل تعلن استرجاع أرشيف أخطر جواسيسها من سوريا لكن من سلّمه؟ https://t.co/G4wRhu3Z7W","Tweet","عبدالله محمد الملا","aalmulla14","5/21/2025, 6:08:01 PM","0","1","0","6","1370","1","ar","No","Twitter for iPhone","","https://x.com/aalmulla14/status/1925206955389255798","video","https://video.twimg.com/amplify_video/1925206746269618176/vid/avc1/1080x1920/e7hp_yCQoHY_d5I5.mp4?tag=21",""
"=""1925205180305530884""","لماذا سلمت سوريا وثائق الجاسوس الإسرائيلي إيلي كوهين إلى إسرائيل؟

#سوشال_سكاي
#إسرائيل
#سوريا https://t.co/ZkvmffWaNH","Tweet","سكاي نيوز عربية","skynewsarabia","5/21/2025, 6:00:58 PM","7","3","2","18","274","3","ar","No","Emplifi","#سوشال_سكاي, #إسرائيل, #سوريا","https://x.com/skynewsarabia/status/1925205180305530884","video","https://video.twimg.com/ext_tw_video/1925204972876312576/pu/vid/avc1/720x1280/Y1VoUvrBjBv2AnPF.mp4?tag=12",""
"=""1925204037508505760""","@ramiaalibrahim ( احمد الشرع ) الجولاني هوا   ابن إيلي كوهين 100%","Reply","نوح","__nooh_","5/21/2025, 5:56:25 PM","0","0","0","0","61","0","ar","No","Twitter for Android","","https://x.com/__nooh_/status/1925204037508505760","","",""
"=""1925199677839786031""","@hassan_kettani أهداه له ايلى كوهين الابن","Reply","Zaghrof_Oghlo","Masrygedn1010","5/21/2025, 5:39:06 PM","0","0","0","0","7","0","ar","No","Twitter Web App","","https://x.com/Masrygedn1010/status/1925199677839786031","","",""
"=""1925209226076401925""","@Omar_Madaniah هو محدش سمع صوتك على عملية ايلي كوهين يعني بيقولك الخولاني هو اللي سلم إسرائيل الملف","Reply","Mahmoud","Mahmoud35834266","5/21/2025, 6:17:02 PM","0","0","0","0","12","0","ar","No","Twitter for Android","","https://x.com/Mahmoud35834266/status/1925209226076401925","","",""
"=""1925208607966302709""","دمشق سلمت أرشيف إيلي كوهين إلى إسرائيل.. خطوة لإظهار ""حسن النية""؟ https://t.co/B8fJWpbgUM https://t.co/uViRnMVLCW","Tweet","مونت كارلو الدولية / Monte Carlo Doualiya","MC_Doualiya","5/21/2025, 6:14:35 PM","0","1","0","2","669","0","ar","No","dlvr.it","","https://x.com/MC_Doualiya/status/1925208607966302709","photo","https://pbs.twimg.com/media/Gre3BuzbYAAvnvJ.jpg","https://mc-d.co/28D6.x"
"=""1925201739369656533""","@h_bennajeh يبدو ان ""ايلي كوهين"" انكشف في سوريا ونجح في كل المنطقة.","Reply","🇸🇦 Desperado","gray_hot1990","5/21/2025, 5:47:17 PM","0","0","0","0","29","0","ar","No","Twitter for Android","","https://x.com/gray_hot1990/status/1925201739369656533","","",""
"=""1925201393901785106""","🔺رويترز: القيادة السورية وافقت على تسليم مقتنيات الجاسوس إيلي كوهين إلى إسرائيل بهدف تخفيف العداء الإسرائيلي وإظهار حسن نية تجاه ترامب.

تعليق⬇️:
إن صحّ الخبر، فالقرار موفق
رفع العقوبات عن سوريا وإنقاذ اقتصادها أولى بكثير من التشبث بمقتنيات عمرها 60 عامًا
https://t.co/RkF4z9p6tT","Tweet","محمد فيصل الدوسري","MFDuae","5/21/2025, 5:45:55 PM","0","0","0","1","127","0","ar","No","Twitter for iPhone","","https://x.com/MFDuae/status/1925201393901785106","","","https://www.reuters.com/world/middle-east/syrian-leadership-approved-return-dead-spy-archive-israel-sources-say-2025-05-20/"
"=""1925201256903049435""","🎥سرقة الموساد 2025… الأرشيف الذي هز دمشق!
عملية استخباراتية غامضة تكشف عن اختفاء أرشيف إيلي كوهين من قلب العاصمة السورية.
📹 شاهد القصة كاملة 👇
#إيلي_كوهين #الموساد #سوريا https://t.co/L8qMIZWgHI","Tweet","Akhbar Al Aan أخبار الآن","akhbar","5/21/2025, 5:45:22 PM","0","0","0","1","643","0","ar","No","Twitter Web App","#إيلي_كوهين, #الموساد, #سوريا","https://x.com/akhbar/status/1925201256903049435","video","https://video.twimg.com/amplify_video/1925200966195789824/vid/avc1/1080x1920/GchgO7rcvnQnnwVD.mp4?tag=21",""
"=""1925201242260738283""","@selimazouz1 هو الذي يحطم نفسه بأفعاله. هل هناك انبطاح أكثر من هذا بعد تسليمه أرشيف إيلي كوهين مهما كانت المبررات. مستشاره يقول حسن بادره تجاه إسرائيل!!! غدًا يترك الجولان كحسن بادره.","Reply","ElSayed Mohammed","ElSayed7102023","5/21/2025, 5:45:19 PM","0","0","0","0","37","0","ar","No","Twitter for iPhone","","https://x.com/ElSayed7102023/status/1925201242260738283","","",""
"=""1925200660103868564""","ما حقيقة المعلومات التي نقلها إيلي كوهين إلى إسرائيل؟
شاهدوا إجابة الرئيس السوري الأسبق أمين الحافظ مع أحمد منصور في حلقة برنامج شاهد على العصر على منصة #الجزيرة360
الرابط: https://t.co/XFcn5dXCWG
@amansouraja

#مشاهدة_بلا_قيود https://t.co/ppxDo44oaO","Tweet","AJ360 - الجزيرة 360","aljazeera360","5/21/2025, 5:43:00 PM","0","0","0","2","335","0","ar","No","Twitter Media Studio","#الجزيرة360, #مشاهدة_بلا_قيود","https://x.com/aljazeera360/status/1925200660103868564","video","https://video.twimg.com/amplify_video/1925170548860157952/vid/avc1/1920x1080/Dvd4R8hl6dvVHxgS.mp4?tag=16","https://aj360.com/CWTE0100"
"=""1925200214123544721""","@RNaisseh بشار النعجة هو من سلم الخرابيط المذكورة لتحافظ اسرائيل على حياته ماهو ابوه سلم الجولان ليبقى بالسلطة بشار الهارب ليهرب بسلام سلم الورث الابوي وفوقه ممتلكات ايلي كوهين","Reply","Winter","life__1111","5/21/2025, 5:41:14 PM","0","0","0","0","6","0","ar","No","Twitter for iPhone","","https://x.com/life__1111/status/1925200214123544721","","",""
"=""1925199747494609211""","@hassan_kettani ايلى كوهين يحكم سوريا لكن بلحيه","Reply","Zaghrof_Oghlo","Masrygedn1010","5/21/2025, 5:39:22 PM","0","0","0","0","10","0","ar","No","Twitter Web App","","https://x.com/Masrygedn1010/status/1925199747494609211","","",""
"=""1925203738706243663""","@hala13alassad ايلي كوهين بيشبه حافظ الكر اكثر
حاج تبكوا مارح ترجعوا سوريا ماعادت الكن حرامية سرقتوا البلد وجايين تتفلسفوا","Reply","Khaled Al _ Daher","khaledal_daher","5/21/2025, 5:55:14 PM","0","0","0","0","1","0","ar","No","Twitter for Android","","https://x.com/khaledal_daher/status/1925203738706243663","","",""
"=""1925202706475499859""","رويترز: الشرع سلّم أرشيف الجاسوس إيلي كوهين لـ""إسرائيل"" https://t.co/LfIZtk5zgz","Tweet","عرب جورنال | Arab Journal","arab_Jornal","5/21/2025, 5:51:08 PM","0","1","0","0","40","0","ar","No","Twitter Web App","","https://x.com/arab_Jornal/status/1925202706475499859","","","https://arab-j.net/31910"
"=""1925201924007096747""","@skynewsarabia الجولاني نجح بينما اخفق ايلي كوهين
حظوظ 😀😀😀😀😀","Reply","Same hdad","MarzoqT5814","5/21/2025, 5:48:01 PM","0","0","0","0","18","0","ar","No","Twitter Web App","","https://x.com/MarzoqT5814/status/1925201924007096747","","",""
"=""1925201739369656533""","@h_bennajeh يبدو ان ""ايلي كوهين"" انكشف في سوريا ونجح في كل المنطقة.","Reply","🇸🇦 Desperado","gray_hot1990","5/21/2025, 5:47:17 PM","0","0","0","0","29","0","ar","No","Twitter for Android","","https://x.com/gray_hot1990/status/1925201739369656533","","",""
"=""1925201393901785106""","🔺رويترز: القيادة السورية وافقت على تسليم مقتنيات الجاسوس إيلي كوهين إلى إسرائيل بهدف تخفيف العداء الإسرائيلي وإظهار حسن نية تجاه ترامب.

تعليق⬇️:
إن صحّ الخبر، فالقرار موفق
رفع العقوبات عن سوريا وإنقاذ اقتصادها أولى بكثير من التشبث بمقتنيات عمرها 60 عامًا
https://t.co/RkF4z9p6tT","Tweet","محمد فيصل الدوسري","MFDuae","5/21/2025, 5:45:55 PM","0","0","0","1","128","0","ar","No","Twitter for iPhone","","https://x.com/MFDuae/status/1925201393901785106","","","https://www.reuters.com/world/middle-east/syrian-leadership-approved-return-dead-spy-archive-israel-sources-say-2025-05-20/"
"=""1925201256903049435""","🎥سرقة الموساد 2025… الأرشيف الذي هز دمشق!
عملية استخباراتية غامضة تكشف عن اختفاء أرشيف إيلي كوهين من قلب العاصمة السورية.
📹 شاهد القصة كاملة 👇
#إيلي_كوهين #الموساد #سوريا https://t.co/L8qMIZWgHI","Tweet","Akhbar Al Aan أخبار الآن","akhbar","5/21/2025, 5:45:22 PM","0","0","0","1","643","0","ar","No","Twitter Web App","#إيلي_كوهين, #الموساد, #سوريا","https://x.com/akhbar/status/1925201256903049435","video","https://video.twimg.com/amplify_video/1925200966195789824/vid/avc1/1080x1920/GchgO7rcvnQnnwVD.mp4?tag=21",""
"=""1925201242260738283""","@selimazouz1 هو الذي يحطم نفسه بأفعاله. هل هناك انبطاح أكثر من هذا بعد تسليمه أرشيف إيلي كوهين مهما كانت المبررات. مستشاره يقول حسن بادره تجاه إسرائيل!!! غدًا يترك الجولان كحسن بادره.","Reply","ElSayed Mohammed","ElSayed7102023","5/21/2025, 5:45:19 PM","0","0","0","0","37","0","ar","No","Twitter for iPhone","","https://x.com/ElSayed7102023/status/1925201242260738283","","",""
"=""1925200660103868564""","ما حقيقة المعلومات التي نقلها إيلي كوهين إلى إسرائيل؟
شاهدوا إجابة الرئيس السوري الأسبق أمين الحافظ مع أحمد منصور في حلقة برنامج شاهد على العصر على منصة #الجزيرة360
الرابط: https://t.co/XFcn5dXCWG
@amansouraja

#مشاهدة_بلا_قيود https://t.co/ppxDo44oaO","Tweet","AJ360 - الجزيرة 360","aljazeera360","5/21/2025, 5:43:00 PM","0","0","0","2","335","0","ar","No","Twitter Media Studio","#الجزيرة360, #مشاهدة_بلا_قيود","https://x.com/aljazeera360/status/1925200660103868564","video","https://video.twimg.com/amplify_video/1925170548860157952/vid/avc1/1920x1080/Dvd4R8hl6dvVHxgS.mp4?tag=16","https://aj360.com/CWTE0100"
"=""1925200214123544721""","@RNaisseh بشار النعجة هو من سلم الخرابيط المذكورة لتحافظ اسرائيل على حياته ماهو ابوه سلم الجولان ليبقى بالسلطة بشار الهارب ليهرب بسلام سلم الورث الابوي وفوقه ممتلكات ايلي كوهين","Reply","Winter","life__1111","5/21/2025, 5:41:14 PM","0","0","0","0","6","0","ar","No","Twitter for iPhone","","https://x.com/life__1111/status/1925200214123544721","","",""
"=""1925199747494609211""","@hassan_kettani ايلى كوهين يحكم سوريا لكن بلحيه","Reply","Zaghrof_Oghlo","Masrygedn1010","5/21/2025, 5:39:22 PM","0","0","0","0","10","0","ar","No","Twitter Web App","","https://x.com/Masrygedn1010/status/1925199747494609211","","",""
"=""1925199677839786031""","@hassan_kettani أهداه له ايلى كوهين الابن","Reply","Zaghrof_Oghlo","Masrygedn1010","5/21/2025, 5:39:06 PM","0","0","0","0","7","0","ar","No","Twitter Web App","","https://x.com/Masrygedn1010/status/1925199677839786031","","",""
"=""1925198607445086654""","@ahmadyo55144318 @skynewsarabia إيلى كوهين الجاسوس الاسرائيلي بنسبة ل الصهاينة حاجة عظيمة رمز من رموز الكيان 
و طلبات أخرى منها طرد الفلسطنيين 
و الاعتراف بالجولان أرض إسرائيلية 
وعدم الإقتراب من القواعد الإسرائيلية بسوريا  التطبيع و الاتفاق الابراهيمي ووو ....
الكثير","Reply","هناء المصرية💚🇪🇬💚","qaV83tVbL4VgdFu","5/21/2025, 5:34:51 PM","3","0","0","0","20","0","ar","No","Twitter for Android","","https://x.com/qaV83tVbL4VgdFu/status/1925198607445086654","","",""
"=""1925196674479063361""","وملف ايلى كوهين تم استلامه ويتم الكشف 
عن مكان قبره بعد ٦٠ سنة  ودة  دليل على أن 
المخطط يسير بخطوات بطيئة  ولكن ثابته","Tweet","𓋴 𓄿 𓂋𓄿..🇪🇬 Sara 🇪🇬","Sara018222","5/21/2025, 5:27:10 PM","1","0","0","6","125","1","ar","No","Twitter Web App","","https://x.com/Sara018222/status/1925196674479063361","","",""
"=""1924770392893489173""","……بدون إنبهار كنا متوقعين وعارفين الحكاية .. عندما شاهدت فيديو للسفير الأمريكى السابق فى سوريا روبرت فورد يتحدث فيه عن قيامه بتدريب أبو محمد الجولانى فى مدينة إدلب بناء على طلب وتنسيق مع مؤسسة بريطانية وقال : فى عام ٢٠٢٣ دربت الجولانى لإخراجه من عالم الإرهاب الى السياسة واسمه","Quoted tweet","أحمد موسى - Ahmed Mousa","ahmeda_mousa","5/20/2025, 1:13:16 PM","1059","271","74","1931","388824","192","ar","No","Twitter for iPhone","","https://x.com/ahmeda_mousa/status/1924770392893489173","","",""
"=""1925196434061598788""","@HHabib_Assaf 6 ستة عقود لم تستطع إسرائيل الوصول إلى أرشيف الجاسوس إيلي كوهين ... ستة أشهر من وصول الحكم الجديد إلى دمشق استولت عليه تل أبيب .... لم نسمع موقف من الحكم في دمشق و لا لا أي توضيح للناس لخسارة ملف أمني وطني بهذا الحجم ..","Reply","ayman mohamed","ayman_moha67564","5/21/2025, 5:26:12 PM","0","0","0","0","42","0","ar","No","Twitter for iPhone","","https://x.com/ayman_moha67564/status/1925196434061598788","","",""
"=""1925195649080754355""","@selimazouz1 احمد الشرع وافق على إمداد نتنياهو بالملف الكامل للجاسوس ايلى كوهين أو كمال امين .
ياما في الجراب ياحاوى.
ستجدون مفاجآت للشرع فى الأيام القليلة المقبلة.
أنا قلت وساكرر الشرع صناعة غربية أمريكية ب امتياز","Reply","Ayuob Elmsry","aywbalmsry2","5/21/2025, 5:23:05 PM","1","0","0","1","186","0","ar","No","Twitter for Android","","https://x.com/aywbalmsry2/status/1925195649080754355","","",""
"=""1925194728942751891""","@NAlahdb حتي  و إن سلم جثة الجيفة أيلي كوهين و بقايا متعلقاته المقرفة و الثمن رفع العقوبات و رفع المعاناة على الشعب السوري.. الثمن يستحق.. مثل تسليم الأسرى في غزة مقابل الافراج عن أسرانا الفلسطيين و وقف الحرب .. كله بمقابل","Reply","Fadwa Aldressy","AldressyFa54303","5/21/2025, 5:19:26 PM","0","0","0","0","11","0","ar","No","Twitter for Android","","https://x.com/AldressyFa54303/status/1925194728942751891","","",""
"=""1925193290560749840""",".
هكذا تم صناعة الجولاني،،،
الجولاني نسخة مطورة من الجاسوس الصهيوني إيلي كوهين.
..
 https://t.co/NVXsJC7rc5 https://t.co/ASaQt6tROa","Tweet","أبو عماد المداني","bader9910gmail1","5/21/2025, 5:13:43 PM","0","2","0","5","568","2","ar","No","Twitter for Android","","https://x.com/bader9910gmail1/status/1925193290560749840","photo","https://pbs.twimg.com/media/GrepGDcXkAAQfcg.jpg, https://pbs.twimg.com/ext_tw_video_thumb/1925063424330891264/pu/img/Wsycbsy0PjfIdDxX.jpg","https://x.com/hamedrizq01/status/1925063482073874823/video/1"
"=""1925189880235143228""","@skynewsarabia ماذا تعرف عن ايلي كوهين يا @grok","Reply","Abdulaziz","AlsharifAziz","5/21/2025, 5:00:10 PM","1","0","0","0","150","0","ar","No","Twitter for Android","","https://x.com/AlsharifAziz/status/1925189880235143228","","",""
"=""1925190843499155694""","@AlsharifAziz @skynewsarabia إيلي كوهين، ولد عام 1924 في مصر لعائلة يهودية، كان جاسوسًا إسرائيليًا للموساد في سوريا خلال الستينيات تحت اسم كامل أمين ثابت. تسلل إلى أعلى مستويات المجتمع السوري، وجمع معلومات استخباراتية مهمة ساعدت إسرائيل في حرب 1967، خاصة في الاستيلاء على الجولان. أُعدم في دمشق عام 1965 بعد","Reply","Grok","grok","5/21/2025, 5:04:00 PM","0","0","0","0","55","0","ar","No","Banners & Ads","","https://x.com/grok/status/1925190843499155694","","",""
"=""1925191544312594456""","مصطلح شيزوفرينيا:
تصريح لنتنياهو حول متعلقات إيلي كوهين وقال حصلنا عليها في عملية استخباراتية معقدة.

الذباب الفسيخي : #سوريا ورئيسها خونه مطبعين.

 #مصر تطبع مع #إسرائيل منذ سبعينات القرن الماضي وتمتلك سفارة لم يجرؤا أحد للتجمع أمامها طوال مجازر #غزة ، وإذا قلت له كسمك يزعل!؟.","Tweet","عبود | Abud 🇸🇾","Abud0310","5/21/2025, 5:06:47 PM","0","0","0","0","56","0","ar","No","Twitter for iPhone","#سوريا, #مصر, #إسرائيل, #غزة","https://x.com/Abud0310/status/1925191544312594456","","",""
"=""1925094882881757608""","معلومة

كان أول من يرفع هذه الآية الكريمة في خلاف سياسي هم الإخوان والقاعدة بعد صعود رئيسهم محمد مرسي لحكم مصر.

كانت موجهة ضد كل الأحزاب المختلفة، والطوائف والمذاهب والتيارات الفكرية المختلفة دون استثناء.

كانوا يدركون جيدا أن رفعهم لتلك الآية هو تكفير للمخالف قولا واحدا

الآن","Quoted tweet","سامح عسكر","sameh_asker","5/21/2025, 10:42:41 AM","174","74","10","643","102341","24","ar","No","Twitter for Android","","https://x.com/sameh_asker/status/1925094882881757608","","",""
"=""1925187670499602488""","بعد مرور ستة عقود على إعدامه في دمشق، كشف جهاز الموساد الإسرائيلي، تفاصيل عملية استخباراتية خطيرة تتمثل في الحصول على حوالي 2500 وثيقة وأشياء شخصية وصورة من الأرشيف الاستخباري السوري للجاسوس الإسرائيلي إيلي كوهين.
للتفاصيل:  https://t.co/6zWfmKuwqf https://t.co/M3vr8by6pK","Tweet","Egypt Telegraph - تليجراف مصر","EgyptTelegraph","5/21/2025, 4:51:23 PM","0","0","0","2","120","0","ar","No","Twitter Web App","","https://x.com/EgyptTelegraph/status/1925187670499602488","photo","https://pbs.twimg.com/media/Grej-aYXoAAJOtL.jpg","http://egypttelegraph.com/146500"
"=""1925181345615016082""","أرملة إيلي كوهين: شعرت بالزلزال بعد رؤية الكم الهائل من الوثائق المحفوظة

تفاصيل الخبر (https://t.co/ec6dG8cep9)

#العهد_نيوز
https://t.co/bfW2xr8tfX https://t.co/O23AgXzMqW","Tweet","العهد نيوز - ALAhad News","ALAhadNewsAg","5/21/2025, 4:26:15 PM","0","0","0","0","18","0","ar","No","Twitter Web App","#العهد_نيوز","https://x.com/ALAhadNewsAg/status/1925181345615016082","photo","https://pbs.twimg.com/media/GreeM6hW4AAstfi.jpg","https://alahad-news.iq/article?id=64656, https://alahadnewsag.bio.link/"
"=""1925188801774633087""","جيش الاحتلال يطلق النار على وفد دبلوماسي عند المدخل الشرقي لمخيم جنين
التفاصيل: https://t.co/ipGHSSrwZ1

#فلسطين #سلفيت #جنين #طولكرم #عاجل #غزة #الذهب #العربي_الكويت #السودان #الامارات #برشلونه #إسرائيل #رقم_كبير #ايلي_كوهين #الكويت #جيش_الاحتلال #بيراميدز #أحمد_الشرع","Tweet","شبكة فلسطين للأنباء","shfanews_net","5/21/2025, 4:55:53 PM","0","0","0","0","144","0","ar","No","Twitter Web App","#فلسطين, #سلفيت, #جنين, #طولكرم, #عاجل, #غزة, #الذهب, #العربي_الكويت, #السودان, #الامارات, #برشلونه, #إسرائيل, #رقم_كبير, #ايلي_كوهين, #الكويت, #جيش_الاحتلال, #بيراميدز, #أحمد_الشرع","https://x.com/shfanews_net/status/1925188801774633087","","","https://www.shfanews.net/post/214396"
"=""1925189003357114748""","مصادر لوكالة رويترز: #دمشق وافقت على تسليم مقتنيات الجاسوس الإسرائيلي إيلي كوهين إلى إسرائيل في محاولة لتخفيف التوترات وكبادرة حسن نية تجاه #ترامب","Tweet","عاجل السعودية","3ajel_ksa","5/21/2025, 4:56:41 PM","0","0","0","1","1519","0","ar","No","Twitter for iPhone","#دمشق, #ترامب","https://x.com/3ajel_ksa/status/1925189003357114748","","",""
"=""1925185228990984464""","سيد ناصر ردا على سؤالكم حول الوثائق المسربة للكيان التي تخص ايلي كوهين و لماذا لم يصدر اي تصريح من الحكومة السورية. اقول ان الحكومة غير معنية بالرد او تفسير لما حصل طالما لم يصرح الكيان عن الجهة التي سلمته الوثائق و لم يصرح ان الحكومة الحالية هي من أعطته الوثائق. عكس تصريح فورد","Tweet","Bensalla","Bensalla2","5/21/2025, 4:41:41 PM","0","0","0","0","11","0","ar","No","Twitter for Android","","https://x.com/Bensalla2/status/1925185228990984464","","",""
"=""1925184764295651750""","هل تعلم أخي العربي 
ان الجولاني هو أحد أحفاد إيلي كوهين أكبر جاسوس اسرايلي 
وأن إسرائيل اختارتة حاكماً على سوريا للانتقام والثار لابية من الشعب السوري https://t.co/1pni8MLCRV","Tweet","مع الحق واهل الحق","MwansBshar","5/21/2025, 4:39:50 PM","0","0","0","0","28","0","ar","No","Twitter for Android","","https://x.com/MwansBshar/status/1925184764295651750","photo","https://pbs.twimg.com/media/GrehVvLXAAEKDqu.jpg",""
"=""1925184612084449773""","@Majd_elarabi ومن باع الجولان واغتصب امك واختك وتعاون مع اسرائيل لقتل القاضي الذي حكم على ايلي كوهين الجاسوس هلا انا مو مستغرب انو مارح تتداقوا من اغتصاب خواتكم لانكم ولاد متعه اساسا","Reply","moath 🇸🇾","Moath1531Moath","5/21/2025, 4:39:14 PM","0","0","0","0","151","0","ar","No","Twitter for iPhone","","https://x.com/Moath1531Moath/status/1925184612084449773","","",""
"=""1925184527133016357""","بلا إخوان ولا زفت
اللي سلم الملفات وخاصه ارشيف ايلي كوهين هوه رئيس الدوله الحالي الإرهابي ربيب عائلات القاعده وجبهه النصره و داعش  .. الجولاني  !!","Tweet","Mahmoud El Masry","mahmoudyehia707","5/21/2025, 4:38:54 PM","0","0","0","0","17","0","ar","No","Twitter for Android","","https://x.com/mahmoudyehia707/status/1925184527133016357","","",""
"=""1924911833028145578""","#كشف_الحقائق
قيام اخوان سوريا بتسليم ارشيف المخابرات السورية وتحديدا ملف ايلي كوهين لاسرائيل هو نفس هدف اخوان مصر لما استولوا على السلطة ما بين عامي 2012 و2013 وكان المطلوب ملفات الصراع العربي الاسرائيلي كاملاً وعلى راسه ملفات محمد نسيم (قلب الاسد) ورفعت الجمال واحمد الهوان👇١ https://t.co/Dotmqm10ca","Quoted tweet","د.سلوي السوبي أستاذ قانون جنائي ومحام بالنقض","Marwalgendi","5/20/2025, 10:35:18 PM","24","43","4","175","5395","11","ar","No","Twitter for Android","#كشف_الحقائق","https://x.com/Marwalgendi/status/1924911833028145578","photo","https://pbs.twimg.com/media/GrapG4tXAAAvcEo.jpg",""
"=""1925182038841217247""","كان ممكن اكون سيده سوريا. الأولي. لوما رافت الهجان 
زوجه الجاسوس ايلي كوهين تعترف   أن  من أسقط زوجها الجاسوس  هو المصري رافت الهجان. https://t.co/Sw6jyLoEd2","Tweet","Ah_m_ed_A_li","mdly3173951","5/21/2025, 4:29:00 PM","0","0","0","0","20","0","ar","No","Twitter for Android","","https://x.com/mdly3173951/status/1925182038841217247","photo","https://pbs.twimg.com/media/Gree3BEW4AATHUi.jpg, https://pbs.twimg.com/media/Gree3HLWwAAEQF_.jpg",""
"=""1925188978438815836""","حسين الشيخ يدين إطلاق الاحتلال النار على المبعوثين الدبلوماسيين في جنين
التفاصيل: https://t.co/i2pxK4cmFF
@HusseinSheikhpl 
#فلسطين #سلفيت #جنين #طولكرم #عاجل #غزة #الذهب #العربي_الكويت #السودان #الامارات #برشلونه #إسرائيل #رقم_كبير #ايلي_كوهين #الكويت #جيش_الاحتلال #بيراميدز","Tweet","شبكة فلسطين للأنباء","shfanews_net","5/21/2025, 4:56:35 PM","0","0","0","0","115","0","ar","No","Twitter Web App","#فلسطين, #سلفيت, #جنين, #طولكرم, #عاجل, #غزة, #الذهب, #العربي_الكويت, #السودان, #الامارات, #برشلونه, #إسرائيل, #رقم_كبير, #ايلي_كوهين, #الكويت, #جيش_الاحتلال, #بيراميدز","https://x.com/shfanews_net/status/1925188978438815836","","","https://www.shfanews.net/post/214414"
"=""1925188801774633087""","جيش الاحتلال يطلق النار على وفد دبلوماسي عند المدخل الشرقي لمخيم جنين
التفاصيل: https://t.co/ipGHSSrwZ1

#فلسطين #سلفيت #جنين #طولكرم #عاجل #غزة #الذهب #العربي_الكويت #السودان #الامارات #برشلونه #إسرائيل #رقم_كبير #ايلي_كوهين #الكويت #جيش_الاحتلال #بيراميدز #أحمد_الشرع","Tweet","شبكة فلسطين للأنباء","shfanews_net","5/21/2025, 4:55:53 PM","0","0","0","0","144","0","ar","No","Twitter Web App","#فلسطين, #سلفيت, #جنين, #طولكرم, #عاجل, #غزة, #الذهب, #العربي_الكويت, #السودان, #الامارات, #برشلونه, #إسرائيل, #رقم_كبير, #ايلي_كوهين, #الكويت, #جيش_الاحتلال, #بيراميدز, #أحمد_الشرع","https://x.com/shfanews_net/status/1925188801774633087","","","https://www.shfanews.net/post/214396"
"=""1925187670499602488""","بعد مرور ستة عقود على إعدامه في دمشق، كشف جهاز الموساد الإسرائيلي، تفاصيل عملية استخباراتية خطيرة تتمثل في الحصول على حوالي 2500 وثيقة وأشياء شخصية وصورة من الأرشيف الاستخباري السوري للجاسوس الإسرائيلي إيلي كوهين.
للتفاصيل:  https://t.co/6zWfmKuwqf https://t.co/M3vr8by6pK","Tweet","Egypt Telegraph - تليجراف مصر","EgyptTelegraph","5/21/2025, 4:51:23 PM","0","0","0","2","120","0","ar","No","Twitter Web App","","https://x.com/EgyptTelegraph/status/1925187670499602488","photo","https://pbs.twimg.com/media/Grej-aYXoAAJOtL.jpg","http://egypttelegraph.com/146500"
"=""1925185228990984464""","سيد ناصر ردا على سؤالكم حول الوثائق المسربة للكيان التي تخص ايلي كوهين و لماذا لم يصدر اي تصريح من الحكومة السورية. اقول ان الحكومة غير معنية بالرد او تفسير لما حصل طالما لم يصرح الكيان عن الجهة التي سلمته الوثائق و لم يصرح ان الحكومة الحالية هي من أعطته الوثائق. عكس تصريح فورد","Tweet","Bensalla","Bensalla2","5/21/2025, 4:41:41 PM","0","0","0","0","11","0","ar","No","Twitter for Android","","https://x.com/Bensalla2/status/1925185228990984464","","",""
"=""1925184764295651750""","هل تعلم أخي العربي 
ان الجولاني هو أحد أحفاد إيلي كوهين أكبر جاسوس اسرايلي 
وأن إسرائيل اختارتة حاكماً على سوريا للانتقام والثار لابية من الشعب السوري https://t.co/1pni8MLCRV","Tweet","مع الحق واهل الحق","MwansBshar","5/21/2025, 4:39:50 PM","0","0","0","0","28","0","ar","No","Twitter for Android","","https://x.com/MwansBshar/status/1925184764295651750","photo","https://pbs.twimg.com/media/GrehVvLXAAEKDqu.jpg",""
"=""1925184612084449773""","@Majd_elarabi ومن باع الجولان واغتصب امك واختك وتعاون مع اسرائيل لقتل القاضي الذي حكم على ايلي كوهين الجاسوس هلا انا مو مستغرب انو مارح تتداقوا من اغتصاب خواتكم لانكم ولاد متعه اساسا","Reply","moath 🇸🇾","Moath1531Moath","5/21/2025, 4:39:14 PM","0","0","0","0","151","0","ar","No","Twitter for iPhone","","https://x.com/Moath1531Moath/status/1925184612084449773","","",""
"=""1925184527133016357""","بلا إخوان ولا زفت
اللي سلم الملفات وخاصه ارشيف ايلي كوهين هوه رئيس الدوله الحالي الإرهابي ربيب عائلات القاعده وجبهه النصره و داعش  .. الجولاني  !!","Tweet","Mahmoud El Masry","mahmoudyehia707","5/21/2025, 4:38:54 PM","0","0","0","0","17","0","ar","No","Twitter for Android","","https://x.com/mahmoudyehia707/status/1925184527133016357","","",""
"=""1924911833028145578""","#كشف_الحقائق
قيام اخوان سوريا بتسليم ارشيف المخابرات السورية وتحديدا ملف ايلي كوهين لاسرائيل هو نفس هدف اخوان مصر لما استولوا على السلطة ما بين عامي 2012 و2013 وكان المطلوب ملفات الصراع العربي الاسرائيلي كاملاً وعلى راسه ملفات محمد نسيم (قلب الاسد) ورفعت الجمال واحمد الهوان👇١ https://t.co/Dotmqm10ca","Quoted tweet","د.سلوي السوبي أستاذ قانون جنائي ومحام بالنقض","Marwalgendi","5/20/2025, 10:35:18 PM","24","43","4","175","5395","11","ar","No","Twitter for Android","#كشف_الحقائق","https://x.com/Marwalgendi/status/1924911833028145578","photo","https://pbs.twimg.com/media/GrapG4tXAAAvcEo.jpg",""
"=""1925182038841217247""","كان ممكن اكون سيده سوريا. الأولي. لوما رافت الهجان 
زوجه الجاسوس ايلي كوهين تعترف   أن  من أسقط زوجها الجاسوس  هو المصري رافت الهجان. https://t.co/Sw6jyLoEd2","Tweet","Ah_m_ed_A_li","mdly3173951","5/21/2025, 4:29:00 PM","0","0","0","0","20","0","ar","No","Twitter for Android","","https://x.com/mdly3173951/status/1925182038841217247","photo","https://pbs.twimg.com/media/Gree3BEW4AATHUi.jpg, https://pbs.twimg.com/media/Gree3HLWwAAEQF_.jpg",""
"=""1925181345615016082""","أرملة إيلي كوهين: شعرت بالزلزال بعد رؤية الكم الهائل من الوثائق المحفوظة

تفاصيل الخبر (https://t.co/ec6dG8cep9)

#العهد_نيوز
https://t.co/bfW2xr8tfX https://t.co/O23AgXzMqW","Tweet","العهد نيوز - ALAhad News","ALAhadNewsAg","5/21/2025, 4:26:15 PM","0","0","0","0","18","0","ar","No","Twitter Web App","#العهد_نيوز","https://x.com/ALAhadNewsAg/status/1925181345615016082","photo","https://pbs.twimg.com/media/GreeM6hW4AAstfi.jpg","https://alahad-news.iq/article?id=64656, https://alahadnewsag.bio.link/"
"=""1925180663218479514""","تحدثت مصادر من  France 24 أن بما يسمى القيادة السورية الجديدة سلمت ملف الجا...سوس  #ايلي_كوهين الذي أعدم في دمشق سنة 1965 م 
• المصدر في التعليق الأول 👇 https://t.co/sisxVqcrbH","Tweet","Bechir Hamdouni","hamdouni_b47494","5/21/2025, 4:23:32 PM","2","0","0","0","18","0","ar","No","Twitter for Android","#ايلي_كوهين","https://x.com/hamdouni_b47494/status/1925180663218479514","photo","https://pbs.twimg.com/media/Gredmv4XEAAe73o.jpg",""
"=""1925173346230014021""","@sameh_asker وعن ايلي كوهين 
جاسوس تم اعدامه منذ ٦٠ سنه ايه الحكايه يعني لما يعطوهم جثمانه ورفاته ؟؟؟ 
انتم يا مصريين اعدتم اسرى للصهاينه 
وهم احياء وكذلك جثامين للصهاينه وهم اموات يعني نطبق اللي يتقال على الشرع عليكم ولا ايه ؟؟","Reply","⚖️ابو فارس التركي ⚖️","saqori75","5/21/2025, 3:54:28 PM","0","0","0","0","18","0","ar","No","Twitter for iPhone","","https://x.com/saqori75/status/1925173346230014021","","",""
"=""1925174744032391481""","أفادت 3 مصادر لرويترز أن القيادة السورية وافقت على تسليم وثائق ومتعلّقات تخص الجاسوس الإسر!ئـ ـيلي إيلي كوهين لإسر!ئـ ـيل، في خطوة تهدف لتخفيف التوتر وإظهار حسن النوايا للرئيس الأمريكي دونالد ترامب. وأشار المصادر إلى أن هذه المبادرة جاءت من القيادة السورية وعُرضت على إسر!ئـ ـيل https://t.co/I2CWcFnef2","Tweet","الحرية للشعوب","alhory4people","5/21/2025, 4:00:01 PM","0","0","0","0","12","0","ar","No","Twitter Web Client","","https://x.com/alhory4people/status/1925174744032391481","photo","https://pbs.twimg.com/media/GreEEpHW0AAICEd.jpg",""
"=""1925179695102079315""","⛔ مصادر لرويترز: القيادة السورية وافقت على إعادة ""متعلقات"" الجاسوس الإسرائيلي إيلي كوهين إلى تل أبيب

#زمان_الوصل
نقلت وكالة ""رويترز"" عن ثلاثة مصادر مطلعة أن القيادة السورية أعطت الضوء الأخضر لإعادة ""متعلقات وممتلكات"" الجاسوس الإسرائيلي الشهير ""إيلي كوهين"" إلى إسرائيل، وهي https://t.co/5Os02CSOqF","Tweet","ZAMANALWSL - زمان الوصل","zamanalwsl","5/21/2025, 4:19:42 PM","1","2","0","7","1375","0","ar","No","Twitter for Android","#زمان_الوصل","https://x.com/zamanalwsl/status/1925179695102079315","photo","https://pbs.twimg.com/media/GrecurhaIAACDux.jpg",""
"=""1925173158501367816""","سوريا تسلّم أرشيف ومقتنيات إيلي كوهين إلى إسرائيل https://t.co/XoFsjVwMKQ","Tweet","almarsadonline","almarsadonline2","5/21/2025, 3:53:43 PM","0","0","0","0","25","0","ar","No","Twitter for Android","","https://x.com/almarsadonline2/status/1925173158501367816","","","https://almarsadonline.com/193596/"
"=""1925172244453429644""","@AsaadHShaibani ايلي كوهين يا معرص 😂😂😂","Reply","Nady doc","NadyDoc","5/21/2025, 3:50:05 PM","0","0","0","1","14","0","ar","No","Twitter for iPhone","","https://x.com/NadyDoc/status/1925172244453429644","","",""
"=""1925171618139222173""","🔵 كاريكاتير : من سلم وثائق الجاسوس ايلي كوهين لإسرائيل ؟

#التطبيع_خيانة https://t.co/jBesm4Tuv7","Tweet","الإيمان يمان","alghalipoon","5/21/2025, 3:47:36 PM","1","2","0","7","118","0","ar","No","Twitter for Android","#التطبيع_خيانة","https://x.com/alghalipoon/status/1925171618139222173","photo","https://pbs.twimg.com/media/GreVYbfa8AAItw4.jpg",""
"=""1925171964110406002""","روي لي المحامي عبدالحميد المشوح وقد كان في الشرطه العسكريه مرافقاً للواء صلاح الضللي وقتها عندما حكم على إيلي كوهين بالاعدام بإنه عندما أخذنا جثته لندفنها أحسسنا بإن هناك من يراقبنا في كل مكان نذهب أليه لدفنه ويردف قائلاً رجعنا بجثته وذوبناه بالاسيد في أحد البانيوات في أحد الشقق","Tweet","Ali Molhem","AliMolhem60","5/21/2025, 3:48:58 PM","0","0","0","0","20","0","ar","No","Twitter for iPhone","","https://x.com/AliMolhem60/status/1925171964110406002","","",""
"=""1925172020183961916""","@racymix @ShamikhAlmasry إخونج⁉️‼️
الله يعينك على نفسك
و لا أحد يرغب ولا يستفيد من فشل سوريا ، بالعكس نتمنى أن ينصلح الحال ليعود اللاجئين السوريين لديارهم في أسرع وقت.
لكن النجاح لا يبنى على الغش
حقيقي أضحكتني المفاجأة
واضح أنك تهرف بما لا تعرف.
بالمناسبة
ماذا عن عملية إيلي كوهين؟ كيف نجحت عملية الموساد؟ https://t.co/yc9szbfnMZ","Reply","Nile Prince🇪🇬𓄿𓉔𓅓𓅂𓂧","ThePrinceFahmy","5/21/2025, 3:49:12 PM","1","0","0","0","25","0","ar","No","Twitter for Android","","https://x.com/ThePrinceFahmy/status/1925172020183961916","animated_gif","https://video.twimg.com/tweet_video/GreVvUFWcAAZoXl.mp4",""
"=""1925168666707939701""","@madwar_siba الحقوا نفسكم رئيسكم ايلي كوهين التاني https://t.co/sxXUYEAJdX","Reply","مصريه","shamoelemary","5/21/2025, 3:35:52 PM","0","0","0","0","5","0","ar","No","Twitter for iPhone","","https://x.com/shamoelemary/status/1925168666707939701","video","https://video.twimg.com/amplify_video/1925168522251952128/vid/avc1/720x1224/EsoPnOI9Z6F2rq3f.mp4?tag=21",""
"=""1925168021137482017""","@ahmeda_mousa @trky_algahtani الهيئة العامة للإحصاء تكذب ارقام السيسي المليونية لكنكم قطيع حتى لو قال السيسي انا إيلي كوهين رقم ٢ هتصفقوا له","Reply","Julio Regini","MunySaleh","5/21/2025, 3:33:18 PM","1","0","0","3","2","0","ar","No","Twitter for Android","","https://x.com/MunySaleh/status/1925168021137482017","","",""
"=""1925160548083310958""","#ايلي_كوهين سوري من أب وأم سوريين من حلب هاجروا إلى مصر 😡😡  
واخدين بالكم ياترى فيه كام إيلي كوهين عايش بينا يا حكومة اللاجئيين
#ترحيل_السوريين_مطلب_امني
#ترحيل_جميع_اللاجئين_مطلب_شعبي","Tweet","卂丨ᗪ卂 𓅃 𓇋 𓆃 𓅃𓋹","audyegypt2023","5/21/2025, 3:03:37 PM","0","0","0","0","50","0","ar","No","Twitter for iPhone","#ايلي_كوهين, #ترحيل_السوريين_مطلب_امني, #ترحيل_جميع_اللاجئين_مطلب_شعبي","https://x.com/audyegypt2023/status/1925160548083310958","","",""
"=""1925166727962251691""","محافظ الخليل يستقبل دولة رئيس الوزراء الدكتور محمد مصطفى في زيارة رسمية للمحافظة
التفاصيل: https://t.co/nx97OaiETe

#فلسطين #سلفيت #جنين #طولكرم #عاجل #غزة #الذهب #العربي_الكويت #السودان #الامارات #برشلونه #إسرائيل #رقم_كبير #ايلي_كوهين #الكويت #جيش_الاحتلال #بيراميدز #أحمد_الشرع","Tweet","شبكة فلسطين للأنباء","shfanews_net","5/21/2025, 3:28:10 PM","0","0","0","1","158","0","ar","No","Twitter Web App","#فلسطين, #سلفيت, #جنين, #طولكرم, #عاجل, #غزة, #الذهب, #العربي_الكويت, #السودان, #الامارات, #برشلونه, #إسرائيل, #رقم_كبير, #ايلي_كوهين, #الكويت, #جيش_الاحتلال, #بيراميدز, #أحمد_الشرع","https://x.com/shfanews_net/status/1925166727962251691","","","https://www.shfanews.net/post/214381"
"=""1925165858738909258""","@GamalSultan1 تصدق فعلا ان نظام السيسى واعلامه مفزوع ومرعوب وحاطط ايده على قلبه من خطوات النجاح دى😅
طب قولى كده خطوه واحده من خطوات النجاح دى ؟!
احتلال سوريا من قِبل الصهاينه والامريكان والأتراك دا نجاح؟!
تقديم ملف ايلى كوهين كاملا بموافقة الشرع للصهاينه دا نجاح؟!
دا نجاح الموجى لا مؤاخذه 😅","Reply","ahmed selim","a_selim1531976","5/21/2025, 3:24:43 PM","3","0","0","10","472","0","ar","No","Twitter for Android","","https://x.com/a_selim1531976/status/1925165858738909258","","",""
"=""1925164117381231060""","@AymanazzamAja حكام العرب عملاء للصهاينه زيهم زى ايلى كوهين","Reply","Alsyada Mohamed","AlsyadaMohamed","5/21/2025, 3:17:48 PM","0","0","0","0","92","0","ar","No","Twitter for Android","","https://x.com/AlsyadaMohamed/status/1925164117381231060","","",""
"=""1925157778802258047""","@3M_SI ههههه مستعربين صهاينة....
البلد بيحكمها ايلي كوهين الثاني ...ووحدات الجيش السوري هتتشكل من جنود مستعربين 
ومرتزقة بلاك ووتر وارهابيين تحت الطلب","Reply","Mohamed Megawey","MegaweyMoh54278","5/21/2025, 2:52:36 PM","0","0","0","0","3","0","ar","No","Twitter for Android","","https://x.com/MegaweyMoh54278/status/1925157778802258047","","",""
"=""1925161517177012388""","@kasimf تمام ود تأكيد منكم انكم بقيتوا عبيد لأمريكا  وطبعا بنتها إسرائيل عشان كده سلمتوا ارشيف ايلى كوهين لليهودعسى أن تنالوا الرضا  آه يا ولاد المفضوحه","Reply","احمد توفيق","mdtwfyq46428234","5/21/2025, 3:07:28 PM","0","0","0","0","16","0","ar","No","Twitter for Android","","https://x.com/mdtwfyq46428234/status/1925161517177012388","","",""
"=""1925167555729142189""","ما أكثر مبادرات حسن النية تجاه أعداء الأمة بينما أبناء الثورة مازالوا معتقلين حتى هذه اللحظة في سجون إدلب دون محاكمة !

مصادر مطّلعة لوكالة رويترز: #دمشق وافقت على تسليم مقتنيات الجاسوس الإسرائيلي #إيلي_كوهين إلى #إسرائيل في محاولة لتخفيف التوترات وكبادرة حسن نية تجاه #ترامب","Tweet","منذر عبدالله","monzerabdullah1","5/21/2025, 3:31:27 PM","1","5","0","22","600","0","ar","No","Twitter for Android","#دمشق, #إيلي_كوهين, #إسرائيل, #ترامب","https://x.com/monzerabdullah1/status/1925167555729142189","","",""
"=""1925160355023434121""","@hassan_kettani يا شيخنا الكريم ماهر الاسد لما خرج من سوريا اعطا إحداثيات مبنى للمخابرات فيه وثائق مهمة لاسرائيل لتدمره وكذلك فعلت التواصل بين آل الاسد وإسرائيل كان مستمرا وعلى فكرة من باع حزب الله اولا كان هو نظام الاسد افتتوقع ان ملف إيلي كوهين سيتركه ماهر الاسد وهو يعلم انه كنز ثمين يمكن ان","Reply","يوسف","yosomaka7","5/21/2025, 3:02:51 PM","1","0","0","0","63","0","ar","No","Twitter for Android","","https://x.com/yosomaka7/status/1925160355023434121","","",""
"=""1925159517018366116""","اصدق ان اللقاءات تمت وكل المؤشرات والاحداث حتي القرارات الحاليه واخرها رفات ايلي كوهين  ومتعلقاته واللقاءات الثنائيه مع اسرائيل في اذربيجان وتوقف الغارات الاسرائيليه  ورفع العقوبات  وغير ذلك 
يثبت ان العلاقه المخطط لها وتجهيز الشرع للحكم  انر لاجدال فيه","Tweet","Atef Quretam","QuretamAtef","5/21/2025, 2:59:31 PM","0","0","0","0","18","0","ar","No","Twitter for Android","","https://x.com/QuretamAtef/status/1925159517018366116","","",""
"=""1924857945944121614""","مصادر لـ ""العربية"" تنفي حدوث أي لقاءات بين السفير الأميركي السابق روبرت فورد والرئيس السوري #أحمد_الشرع بعد زعم تلقي الشرع تدريبات لتأهيله سياسياً
#العربية https://t.co/d6DCnXoOat","Quoted tweet","العربية","AlArabiya","5/20/2025, 7:01:11 PM","49","30","15","154","24423","13","ar","No","Sprinklr","#أحمد_الشرع, #العربية","https://x.com/AlArabiya/status/1924857945944121614","video","https://video.twimg.com/amplify_video/1924857822497406976/vid/avc1/1080x1920/9M-6NC6o3FHQypnC.mp4?tag=16",""
"=""1925157822855094399""","@QegSee61229 مين هى الجهه اللى مولت تدريب #الجولاني وحولت #أحمد_الشرع لأنها هى اللى خلته يتدرب وخلته يتنازل عن مساحات إلى #إسرائيل ويهديها ملف #ايلي_كوهين وهى اللى هتتحكم بمصير سوريا والسوريين وما خفى كان أعظم https://t.co/vhUxl8th1P","Reply","Sherif Awad","sherifhorus713","5/21/2025, 2:52:47 PM","0","0","0","0","89","0","ar","No","Twitter for Android","#الجولاني, #أحمد_الشرع, #إسرائيل, #ايلي_كوهين","https://x.com/sherifhorus713/status/1925157822855094399","video","https://video.twimg.com/ext_tw_video/1925157734397157376/pu/vid/avc1/720x1280/s0X7017j0FIbyPYq.mp4?tag=12",""
"=""1925162429463293977""","@ya_zahraa_31 ايلي كوهين كاد ان يصبح رئيس سوريا، لكن لا ندري عن فرص الاخرين","Reply","Mamoun Sabah","sabbahmamoun","5/21/2025, 3:11:05 PM","0","0","0","0","23","0","ar","No","Twitter for Android","","https://x.com/sabbahmamoun/status/1925162429463293977","","",""
"=""1925157488652915000""","@RassdNewsN ايلي كوهين المصري","Reply","Hani Eid","Safary1980","5/21/2025, 2:51:27 PM","0","0","0","0","1","0","ar","No","Twitter Web App","","https://x.com/Safary1980/status/1925157488652915000","","",""
"=""1925156355398050287""","🔴 اعلام الاميركي
- موافقة القيادة السورية ""الجولاني"" الجديدة على إعادة أرشيف الجاسوس الإسرائيلي""إيلي كوهين"" الذي يتضمن وثائق وصورًا وممتلكات شخصية إلى إسرائيل خطوة كبادرة لحسن النية.

-سوريا اعدمت كوهين بسبب التجسس
- "" الجاسوس الجولاني"" يعيد ارشيفه","Tweet","aurean➡","AureanAurean19","5/21/2025, 2:46:57 PM","0","0","0","0","22","0","ar","No","Twitter for Android","","https://x.com/AureanAurean19/status/1925156355398050287","","",""
"=""1925155632979607972""","متى نعيد لـ ايلي كوهين نظاراته؟

https://t.co/I8qbfK0trT","Tweet","راي اليوم","raialyoum1","5/21/2025, 2:44:05 PM","0","0","0","0","265","0","ar","No","IFTTT","","https://x.com/raialyoum1/status/1925155632979607972","","","https://ift.tt/yqGXhW5"
"=""1925155610938552729""","@ZamoutWisam فشلوا مع إيلي كوهين ونجحوا مع أحمد كوهين https://t.co/4ME19zRTf4","Reply","بابل بوابَه الآلهة 𒆍𒀭𒊏𒆠","AyaYmam","5/21/2025, 2:43:59 PM","1","0","0","0","117","0","ar","No","Twitter for iPhone","","https://x.com/AyaYmam/status/1925155610938552729","photo","https://pbs.twimg.com/media/GreG0pJWAAAtIcp.jpg",""
"=""1925154865640083922""","@EdyCohen انت شكلك حابب تلحق ايلي كوهين وتصير عضام بشي منفى بسوريا ويدورو عليك ومايلاقوك لبعد عشرين سنة","Reply","Wajd","JejywWajd","5/21/2025, 2:41:02 PM","0","0","0","0","9","0","ar","No","Twitter for iPhone","","https://x.com/JejywWajd/status/1925154865640083922","","",""
"=""1925153244763844993""","تقرير: حكومة الشرع أعادت أغراض الجاسوس ايلي كوهين كبادرة حسن نية لترامب - i24NEWS https://t.co/dXUDT9klIC","Tweet","i24NEWS Arabic","i24NEWS_AR","5/21/2025, 2:34:35 PM","1","0","0","3","335","0","ar","No","i24NEWS_AR1644984656687685632","","https://x.com/i24NEWS_AR/status/1925153244763844993","","","https://www.i24news.tv/ar/%D8%A3%D8%AE%D8%A8%D8%A7%D8%B1/middle-east/artc-936c5801?utm_medium=Social&utm_source=Twitter#Echobox=1747826492"
"=""1925150174080344549""","موضوع بقايا متعلقات ايلي كوهين دا اسرائيل نفذته ونشرته مخصوص عشان يتم الحزء عليه
وقد كان
انا مش لآقط ليه ارتباط الناس بالقضية وصلهم لمراحل صعبة من التحجر الفكري
على عكس اللي بيحصل مع المكسيكي اللي بيتم الاحتفاء بيه مع انه غرق انفاق المقاومة واعترف بكدا ومش مساعد في دخول المساعدات","Tweet","عبد الوهّابْ","A7_abdElwahab","5/21/2025, 2:22:23 PM","0","1","1","2","4067","1","ar","No","Twitter for Android","","https://x.com/A7_abdElwahab/status/1925150174080344549","","",""
"=""1925149502140190950""","@shiren42 من مايقول معروف أنه ضابط في الموساد الاسرائيلي حفيد ايلي كوهين","Reply","MahmoudHasan","MahmoudHas14192","5/21/2025, 2:19:43 PM","0","0","0","0","26","0","ar","No","Twitter for Android","","https://x.com/MahmoudHas14192/status/1925149502140190950","","",""
"=""1925148723790626873""","@MahmoudAlbdour3 @alshayakhliu1 اجل ايلي كوهين وين قبره وملفاته!؟","Reply","حكيم الداموكي","ADamooki","5/21/2025, 2:16:37 PM","0","0","0","0","35","0","ar","No","Twitter for iPhone","","https://x.com/ADamooki/status/1925148723790626873","","",""
"=""1925148095610008057""","للتاريخ وللمستقبل: 
من منظور قانوني وسيادي، يُعتبر تسليم رفات #ايلي_كوهين أو مقتنياته تصرفًا باطلًا ومخالفًا للأصول القانونية، لكون الحكومة التي قامت به لا تملك الصفة السيادية أو الأهلية القانونية الكاملة. الحكومة الانتقالية الحالية لا تستند إلى إعلان دستوري مُعتمد، ولا تمثل","Tweet","Sally Obeid","SallyObeid","5/21/2025, 2:14:08 PM","1","1","0","4","366","0","ar","No","Twitter for iPhone","#ايلي_كوهين","https://x.com/SallyObeid/status/1925148095610008057","","",""
"=""1925083012716224769""","⭕️ ""رويترز"" نقلًا عن ثلاثة مصادر: القيادة السورية أعادت أرشيف إيلي كوهين لإسرائيل بموافقة الشرع

📌 القيادة السورية وافقت على إعادة أرشيف الجاسوس الإسرائيلي إيلي كوهين إلى تل أبيب كمحاولة لتخفيف العداء الإسرائيلي، وإظهار حسن النية تجاه الرئيس الأميركي دونالد ترامب.

📌 الأرشيف","Quoted tweet","المدونة السورية","Syrian_Blog","5/21/2025, 9:55:31 AM","2","0","2","11","1488","2","ar","No","Twitter for Android","","https://x.com/Syrian_Blog/status/1925083012716224769","","",""
"=""1925145382612328898""","@Israel4peaceful فينك تقالي وين كان مدفوه رفاة ايلي كوهين .","Reply","Alexander Sy","sy570057","5/21/2025, 2:03:21 PM","0","0","0","0","41","0","ar","No","Twitter for Android","","https://x.com/sy570057/status/1925145382612328898","","",""
"=""1925143829922869438""","@Khaled__KN @AshrafEgy2013 @aliamansour يا سيدي الفاضل انتم خربتم بلدكم خلاص ومليتوها بالارهابين والدواعش وتركيا مسيطرة وإسرائيل واخدة نصها وروسيا لها قاعدتين وايران لسه صوابعها موجوده من حقنا نخاف على بلدنا بقي ونحميها ..ده الموساد دخل خد ملف ايلي كوهين من القصر الجمهوري كأنه داخل يتفسح ربنا معكم والله شيء يحزن","Reply","Nadia Sabra","NadiaSabra5","5/21/2025, 1:57:11 PM","0","0","0","0","65","0","ar","No","Twitter for Android","","https://x.com/NadiaSabra5/status/1925143829922869438","","",""
"=""1925146727700398080""","@farag_nassar_ علي فكرة إيلي كوهين اصل عيلته سورية ثم هاجروا لمصر ثم عادوا مرة اخري لسوريا ثم إسرائيل","Reply","بنت مصر","fFB0OUc5AHArUCK","5/21/2025, 2:08:42 PM","0","0","0","7","221","0","ar","No","Twitter for iPhone","","https://x.com/fFB0OUc5AHArUCK/status/1925146727700398080","","",""
"=""1925144750346195452""","الشرع يسلّم مقتنيات إيلي كوهين لإسرائيل… خطوة مفاجئة تحمل أبعاداً دبلوماسية ورسائل غير معلنة.
 التفاصيل الكاملة خلف القرار في المقال:
#إسرائيل #كوهين #إيلي_كوهين #أحمد_الشرع
#الحل_نت

https://t.co/XAmeJFEI87","Tweet","الحل نت","7alpress","5/21/2025, 2:00:50 PM","0","0","0","0","120","0","ar","No","Buffer","#إسرائيل, #كوهين, #إيلي_كوهين, #أحمد_الشرع, #الحل_نت","https://x.com/7alpress/status/1925144750346195452","","","https://7al.net/?p=371453"
"=""1925146727255830536""","وافقت #الحكومة_السورية على
 تسليم ممتلكات الجاسوس
 #ايلي_كوهين
إلى إسرائيل، في محاولة لتخفيف
 حدة العداء وإظهار حسن النية
 للرئيس ترامب، وفقا لرويترز - وليس
 كما أعلنت #إسرائيل بأن جهازها
 الموساد بالتعاون مع استخبارات
 أجنبية لتأمين هذه المواد.

 https://t.co/S01B5SOaVO","Tweet","جمال عبدالعزيز التميمي","Jamal_Atamimi","5/21/2025, 2:08:41 PM","0","9","0","10","1813","1","ar","No","Twitter for Android","#الحكومة_السورية, #ايلي_كوهين, #إسرائيل","https://x.com/Jamal_Atamimi/status/1925146727255830536","","","https://www.reuters.com/world/middle-east/syrian-leadership-approved-return-dead-spy-archive-israel-sources-say-2025-05-20/"
"=""1925142584524988538""","لماذا سلّمت دمشق وثائق الجاسوس إيلي كوهين لإسرائيل؟ https://t.co/GkXavfoqhx","Tweet","eng.mohamed darwish_egypt🇪🇬","0EK4GsA1Qw6prIn","5/21/2025, 1:52:14 PM","0","0","0","0","11","0","ar","No","Twitter for Android","","https://x.com/0EK4GsA1Qw6prIn/status/1925142584524988538","","","https://24.ae/article/896201/"
"=""1925142555252920361""","@HHabib_Assaf لا يوجد اي نوع من الشبه حاجب الي كوهين اكثر كثافة من حاحب احمد الشرع و انف ايلي كوهين اصغر من انف احمد الشرع غير ان هذا له لحية و خذا بدون و فم ايلي كوهين اكبر من غن احمد الشرع و رأس ايلي كوهين مربع بينما رأس احمد الشرع مثلث","Reply","Sayed","ZekaAmmar","5/21/2025, 1:52:07 PM","1","0","0","0","345","0","ar","No","Twitter for Android","","https://x.com/ZekaAmmar/status/1925142555252920361","","",""
"=""1925141831869677760""","@Abumohmmed50 @omarabdulsatar السوري العربي الأصيل صار حفيد ايلي كوهين وحفيد الرسي المجوسي صار عربي هاشمي!! عجباً لمن يحملون فوق اكتافهم دمجه بلا فائده.","Reply","محمد بن خلف","mdkhanzy","5/21/2025, 1:49:14 PM","0","0","0","0","18","0","ar","No","Twitter for iPhone","","https://x.com/mdkhanzy/status/1925141831869677760","","",""